UID,Point_ID,Easting,Northing,Elevation,Timestamp,STN_Easting,STN_Northing,STN_Height,STN_Elevation,Target_Height,Horizontal_Angle,Vertical_Angle,Slope_Distance,Horizontal_Dist,Prism_Constant,Height_Diff
,STN742,,,,,287572.663,6215365.534,0.000,125.579,,,,,,,
STN742_STN741_1,STN741,287406.713,6215388.525,125.835,09:56,,,,,0.000,"277° 53' 15""","089° 54' 48""",167.534,167.535,23,0.256
STN742_STN741_2,STN741,287406.714,6215388.524,125.828,10:03,,,,,0.000,"097° 53' 14""","270° 05' 05""",167.533,167.534,23,0.249
STN742_STN743_1,STN743,287702.141,6215322.833,131.987,09:55,,,,,0.000,"108° 15' 07""","087° 18' 31""",136.488,136.338,23,6.408
STN742_STN743_2,STN743,287702.142,6215322.832,131.990,09:59,,,,,0.000,"108° 15' 08""","087° 18' 31""",136.490,136.339,23,6.411
STN742_STN743_3,STN743,287702.142,6215322.833,131.985,10:00,,,,,0.000,"288° 15' 07""","272° 41' 21""",136.489,136.339,23,6.406
STN742_UB74670_1,UB74670,287623.209,6215351.137,125.826,09:59,,,,,0.000,"105° 53' 54""","089° 43' 49""",52.557,52.556,34,0.247
STN742_UB74670_2,UB74670,287623.209,6215351.137,125.824,10:00,,,,,0.000,"285° 53' 54""","270° 15' 60""",52.557,52.556,34,0.245
STN742_UB74680_1,UB74680,287612.601,6215353.373,125.654,09:59,,,,,0.000,"106° 56' 05""","089° 53' 48""",41.749,41.749,8,0.075
STN742_UB74680_2,UB74680,287612.602,6215353.373,125.652,10:00,,,,,0.000,"286° 56' 05""","270° 06' 02""",41.749,41.749,8,0.073
STN742_UB74690_1,UB74690,287602.204,6215355.375,125.368,09:59,,,,,0.000,"108° 58' 44""","090° 23' 15""",31.240,31.239,8,0.211
STN742_UB74690_2,UB74690,287602.204,6215355.375,125.366,10:00,,,,,0.000,"288° 58' 42""","269° 36' 36""",31.240,31.239,8,0.213
STN742_UB74700_1,UB74700,287593.189,6215356.489,125.383,09:59,,,,,0.000,"113° 46' 50""","090° 30' 04""",22.432,22.431,8,0.196
STN742_UB74700_2,UB74700,287593.189,6215356.489,125.382,10:01,,,,,0.000,"293° 46' 48""","269° 29' 44""",22.432,22.431,8,0.197
STN742_UB74710_1,UB74710,287581.028,6215358.579,125.660,09:58,,,,,0.000,"129° 44' 22""","089° 34' 24""",10.879,10.879,8,0.081
STN742_UB74710_2,UB74710,287581.028,6215358.580,125.659,10:01,,,,,0.000,"309° 44' 17""","270° 25' 24""",10.879,10.879,8,0.080
STN742_UB74720_1,UB74720,287572.580,6215360.744,125.284,09:58,,,,,0.000,"180° 59' 02""","093° 31' 21""",4.800,4.791,8,0.295
STN742_UB74720_2,UB74720,287572.581,6215360.744,125.283,10:01,,,,,0.000,"000° 58' 56""","266° 28' 13""",4.800,4.791,8,0.296
STN742_UB74730_1,UB74730,287562.112,6215362.424,124.898,09:58,,,,,0.000,"253° 34' 27""","093° 32' 43""",11.021,10.999,8,0.681
STN742_UB74730_2,UB74730,287562.112,6215362.423,124.897,10:01,,,,,0.000,"073° 34' 21""","266° 27' 03""",11.021,11.000,8,0.682
STN742_UB74740_1,UB74740,287551.669,6215363.717,124.633,09:58,,,,,0.000,"265° 03' 09""","092° 34' 13""",21.093,21.072,8,0.946
STN742_UB74740_2,UB74740,287551.669,6215363.716,124.632,10:02,,,,,0.000,"085° 03' 05""","267° 25' 38""",21.093,21.072,8,0.947
STN742_UB74750_1,UB74750,287541.986,6215365.751,124.301,09:57,,,,,0.000,"270° 24' 21""","092° 23' 07""",30.704,30.677,8,1.278
STN742_UB74750_2,UB74750,287541.986,6215365.751,124.299,10:02,,,,,0.000,"090° 24' 22""","267° 36' 38""",30.704,30.677,8,1.280
STN742_UB74760_1,UB74760,287531.041,6215367.065,123.811,09:57,,,,,0.000,"272° 06' 25""","092° 25' 53""",41.687,41.650,8,1.768
STN742_UB74760_2,UB74760,287531.042,6215367.065,123.809,10:02,,,,,0.000,"092° 06' 23""","267° 33' 56""",41.687,41.649,8,1.770
STN742_UB74770_1,UB74770,287521.090,6215368.662,122.987,09:57,,,,,0.000,"273° 28' 15""","092° 52' 18""",51.733,51.668,8,2.592
STN742_UB74770_2,UB74770,287521.090,6215368.661,122.983,10:03,,,,,0.000,"093° 28' 12""","267° 07' 25""",51.732,51.667,8,2.596
STN742_UB74780_1,UB74780,287510.676,6215369.528,122.257,09:57,,,,,0.000,"273° 41' 14""","093° 03' 42""",62.204,62.115,8,3.322
STN742_UB74780_2,UB74780,287510.677,6215369.528,122.253,10:03,,,,,0.000,"093° 41' 12""","266° 56' 05""",62.203,62.114,8,3.326
STN742_UB74790_1,UB74790,287499.954,6215369.776,121.531,09:56,,,,,0.000,"273° 20' 21""","093° 10' 53""",72.944,72.833,39,4.048
STN742_UB74790_2,UB74790,287499.955,6215369.775,121.526,10:03,,,,,0.000,"093° 20' 17""","266° 48' 54""",72.944,72.831,39,4.053
STN742_UT74650_1,UT74650,287641.736,6215339.658,131.272,09:59,,,,,0.000,"110° 32' 13""","085° 35' 13""",73.980,73.761,34,5.693
STN742_UT74650_2,UT74650,287641.736,6215339.658,131.269,10:00,,,,,0.000,"290° 32' 12""","274° 24' 38""",73.981,73.761,34,5.690
STN742_UT74660_1,UT74660,287631.480,6215342.238,130.659,09:59,,,,,0.000,"111° 36' 25""","085° 24' 35""",63.467,63.263,8,5.080
STN742_UT74660_2,UT74660,287631.481,6215342.239,130.656,10:00,,,,,0.000,"291° 36' 23""","274° 35' 16""",63.467,63.263,8,5.077
STN742_UT74670_1,UT74670,287621.918,6215344.085,130.694,09:59,,,,,0.000,"113° 31' 55""","084° 33' 40""",53.966,53.723,8,5.115
STN742_UT74670_2,UT74670,287621.918,6215344.084,130.692,10:00,,,,,0.000,"293° 31' 55""","275° 26' 09""",53.966,53.723,8,5.113
STN742_UT74680_1,UT74680,287611.475,6215346.324,130.705,09:59,,,,,0.000,"116° 19' 60""","083° 14' 57""",43.609,43.306,8,5.126
STN742_UT74680_2,UT74680,287611.475,6215346.323,130.703,10:00,,,,,0.000,"296° 20' 02""","276° 44' 52""",43.608,43.306,8,5.124
STN742_UT74690_1,UT74690,287601.243,6215348.106,130.529,09:59,,,,,0.000,"121° 22' 31""","081° 35' 20""",33.839,33.475,8,4.950
STN742_UT74690_2,UT74690,287601.243,6215348.105,130.527,10:01,,,,,0.000,"301° 22' 33""","278° 24' 29""",33.839,33.475,8,4.948
STN742_UT74700_1,UT74700,287591.852,6215349.830,130.352,09:58,,,,,0.000,"129° 17' 42""","079° 06' 14""",25.251,24.796,8,4.773
STN742_UT74700_2,UT74700,287591.853,6215349.829,130.350,10:01,,,,,0.000,"309° 17' 45""","280° 53' 28""",25.252,24.797,8,4.771
STN742_UT74710_1,UT74710,287580.701,6215352.037,130.288,09:58,,,,,0.000,"149° 13' 25""","073° 18' 52""",16.400,15.709,8,4.709
STN742_UT74710_2,UT74710,287580.694,6215352.034,130.288,10:01,,,,,0.000,"329° 15' 00""","286° 41' 10""",16.399,15.709,8,4.709
STN742_UT74720_1,UT74720,287571.419,6215353.990,130.065,09:58,,,,,0.000,"186° 08' 53""","068° 52' 23""",12.447,11.611,8,4.486
STN742_UT74720_2,UT74720,287571.420,6215353.990,130.065,10:01,,,,,0.000,"006° 08' 46""","291° 07' 26""",12.447,11.611,8,4.486
STN742_UT74730_1,UT74730,287561.017,6215355.053,130.150,09:58,,,,,0.000,"228° 00' 51""","073° 44' 11""",16.321,15.668,8,4.571
STN742_UT74730_2,UT74730,287561.017,6215355.053,130.149,10:02,,,,,0.000,"048° 00' 47""","286° 15' 41""",16.321,15.668,8,4.570
STN742_UT74740_1,UT74740,287550.252,6215356.200,130.070,09:57,,,,,0.000,"247° 23' 20""","079° 31' 13""",24.688,24.276,8,4.491
STN742_UT74740_2,UT74740,287550.252,6215356.200,130.069,10:02,,,,,0.000,"067° 23' 16""","280° 28' 39""",24.689,24.277,8,4.490
STN742_UT74750_1,UT74750,287541.380,6215357.158,129.936,09:57,,,,,0.000,"255° 00' 40""","082° 20' 14""",32.677,32.385,8,4.357
STN742_UT74750_2,UT74750,287541.380,6215357.158,129.935,10:02,,,,,0.000,"075° 00' 37""","277° 39' 36""",32.677,32.385,8,4.356
STN742_UT74760_1,UT74760,287530.449,6215358.203,129.659,09:57,,,,,0.000,"260° 08' 55""","084° 33' 36""",43.040,42.846,8,4.080
STN742_UT74760_2,UT74760,287530.448,6215358.203,129.658,10:02,,,,,0.000,"080° 08' 53""","275° 26' 16""",43.040,42.846,8,4.079
STN742_UT74770_1,UT74770,287520.254,6215358.409,129.427,09:57,,,,,0.000,"262° 15' 29""","085° 50' 19""",53.031,52.891,8,3.848
STN742_UT74770_2,UT74770,287520.254,6215358.409,129.425,10:03,,,,,0.000,"082° 15' 27""","274° 09' 31""",53.030,52.891,8,3.846
STN742_UT74780_1,UT74780,287509.962,6215358.589,129.337,09:56,,,,,0.000,"263° 40' 45""","086° 35' 29""",63.196,63.084,8,3.758
STN742_UT74780_2,UT74780,287509.962,6215358.588,129.334,10:03,,,,,0.000,"083° 40' 44""","273° 24' 22""",63.196,63.084,8,3.755
STN742_UT74790_1,UT74790,287499.634,6215358.162,129.333,09:56,,,,,0.000,"264° 14' 11""","087° 04' 19""",73.495,73.400,34,3.754
STN742_UT74790_2,UT74790,287499.634,6215358.163,129.331,10:03,,,,,0.000,"084° 14' 11""","272° 55' 34""",73.495,73.400,34,3.752
STN742_XU74640_1,XU74640,287650.604,6215337.762,130.332,09:59,,,,,0.000,"109° 36' 43""","086° 42' 47""",82.878,82.742,8,4.753
STN742_XU74640_2,XU74640,287650.604,6215337.762,130.329,10:00,,,,,0.000,"289° 36' 44""","273° 17' 07""",82.878,82.741,8,4.750
STN742_XU74700_1,XU74700,287590.609,6215350.274,129.562,09:58,,,,,0.000,"130° 22' 33""","080° 24' 16""",23.892,23.557,8,3.983
STN742_XU74700_2,XU74700,287590.609,6215350.273,129.560,10:01,,,,,0.000,"310° 22' 33""","279° 35' 34""",23.892,23.558,8,3.981
STN742_XU74730_1,XU74730,287561.549,6215355.625,129.170,09:58,,,,,0.000,"228° 16' 49""","076° 26' 30""",15.317,14.890,8,3.591
STN742_XU74730_2,XU74730,287561.549,6215355.625,129.169,10:01,,,,,0.000,"048° 16' 46""","283° 33' 22""",15.317,14.890,8,3.590
STN742_XU74760_1,XU74760,287531.880,6215358.438,128.755,09:57,,,,,0.000,"260° 07' 46""","085° 36' 48""",41.517,41.395,8,3.176
STN742_XU74760_2,XU74760,287531.880,6215358.438,128.753,10:02,,,,,0.000,"080° 07' 47""","274° 23' 02""",41.517,41.395,8,3.174
,CUL74,,,,,287474.997,6215373.340,0.000,120.704,,,,,,,
CUL74_CUL7401C_1,CUL7401C,287474.436,6215369.492,119.966,10:12,,,,,0.000,"188° 17' 46""","100° 44' 44""",3.958,3.889,8,0.738
CUL74_CUL7401C_2,CUL7401C,287474.436,6215369.492,119.966,10:14,,,,,0.000,"008° 17' 35""","259° 14' 58""",3.958,3.889,8,0.738
CUL74_CUL7401S_1,CUL7401S,287476.143,6215369.363,120.010,10:12,,,,,0.000,"163° 55' 34""","099° 31' 11""",4.196,4.139,8,0.694
CUL74_CUL7401S_2,CUL7401S,287476.143,6215369.363,120.010,10:13,,,,,0.000,"343° 55' 25""","260° 28' 25""",4.196,4.138,8,0.694
CUL74_CUL7402C_1,CUL7402C,287474.332,6215349.512,119.786,10:12,,,,,0.000,"181° 35' 59""","092° 12' 21""",23.855,23.837,8,0.918
CUL74_CUL7402C_2,CUL7402C,287474.332,6215349.512,119.784,10:14,,,,,0.000,"001° 35' 53""","267° 47' 23""",23.855,23.837,8,0.920
CUL74_CUL7402S_1,CUL7402S,287476.031,6215349.419,119.831,10:12,,,,,0.000,"177° 31' 26""","092° 05' 18""",23.959,23.943,8,0.873
CUL74_CUL7402S_2,CUL7402S,287476.032,6215349.419,119.829,10:13,,,,,0.000,"357° 31' 23""","267° 54' 27""",23.959,23.943,8,0.875
CUL74_CUL7403C_1,CUL7403C,287474.311,6215329.964,119.408,10:12,,,,,0.000,"180° 54' 24""","091° 42' 40""",43.400,43.381,8,1.296
CUL74_CUL7403C_2,CUL7403C,287474.312,6215329.964,119.406,10:14,,,,,0.000,"000° 54' 19""","268° 17' 07""",43.400,43.381,8,1.299
CUL74_CUL7403S_1,CUL7403S,287476.029,6215329.962,119.430,10:12,,,,,0.000,"178° 38' 14""","091° 40' 57""",43.409,43.390,8,1.274
CUL74_CUL7403S_2,CUL7403S,287476.030,6215329.962,119.426,10:13,,,,,0.000,"358° 38' 10""","268° 18' 48""",43.409,43.390,8,1.278
CUL74_INLET_1,INLET,287483.214,6215371.212,120.069,10:15,,,,,0.000,"104° 31' 12""","094° 16' 32""",8.512,8.488,8,0.635
CUL74_INLET_2,INLET,287483.214,6215371.212,120.069,10:15,,,,,0.000,"284° 31' 09""","265° 43' 16""",8.512,8.488,8,0.635
CUL74_STN741_1,STN741,287406.698,6215388.523,125.833,10:10,,,,,0.000,"282° 31' 59""","085° 48' 29""",70.154,69.966,23,5.128
CUL74_STN741_2,STN741,287406.698,6215388.524,125.835,10:12,,,,,0.000,"282° 32' 03""","085° 48' 20""",70.154,69.966,23,5.131
CUL74_STN741_3,STN741,287406.697,6215388.521,125.830,10:14,,,,,0.000,"102° 31' 53""","274° 11' 25""",70.154,69.967,23,5.126
CUL74_STN742_1,STN742,287572.648,6215365.536,125.582,10:11,,,,,0.000,"094° 34' 09""","087° 08' 58""",98.084,97.963,23,4.878
CUL74_STN742_2,STN742,287572.650,6215365.539,125.584,10:13,,,,,0.000,"094° 34' 02""","087° 08' 56""",98.085,97.964,23,4.880
CUL74_STN742_3,STN742,287572.650,6215365.540,125.577,10:13,,,,,0.000,"274° 34' 02""","272° 50' 50""",98.085,97.964,23,4.873
CUL74_UB74790_1,UB74790,287499.940,6215369.780,121.536,10:12,,,,,0.000,"098° 07' 24""","088° 06' 29""",25.210,25.195,39,0.832
CUL74_UB74790_2,UB74790,287499.941,6215369.780,121.535,10:13,,,,,0.000,"278° 07' 21""","271° 53' 21""",25.210,25.196,39,0.831
CUL74_UT74790_1,UT74790,287499.622,6215358.166,129.342,10:13,,,,,0.000,"121° 38' 30""","073° 22' 21""",30.187,28.925,34,8.638
CUL74_UT74790_2,UT74790,287499.622,6215358.166,129.340,10:13,,,,,0.000,"301° 38' 27""","286° 37' 28""",30.187,28.925,34,8.636
,CUL74D,,,,,1000.000,5000.000,0.000,200.000,,,,,,,
CUL74D_DB74810_1,DB74810,1005.038,4997.104,201.550,10:24,,,,,0.000,"299° 53' 44""","284° 56' 11""",6.014,5.811,34,1.550
CUL74D_DB74810_2,DB74810,1005.038,4997.103,201.551,10:24,,,,,0.000,"119° 53' 52""","075° 03' 37""",6.015,5.811,34,1.551
CUL74D_DB74830_1,DB74830,1011.704,5016.997,200.064,10:23,,,,,0.000,"034° 33' 08""","089° 49' 21""",20.637,20.637,39,0.064
CUL74D_DB74830_2,DB74830,1011.704,5016.996,200.063,10:23,,,,,0.000,"214° 33' 04""","270° 10' 25""",20.636,20.636,39,0.063
CUL74D_OUTLET_1,OUTLET,1002.694,4995.779,198.877,10:25,,,,,0.000,"147° 26' 58""","102° 38' 22""",5.132,5.007,8,1.123
CUL74D_OUTLET_2,OUTLET,1002.694,4995.779,198.877,10:25,,,,,0.000,"327° 26' 54""","257° 21' 31""",5.131,5.007,8,1.123
,STN741,,,,,287406.684,6215388.525,0.000,125.836,,,,,,,
STN741_STN11_1,STN11,287351.294,6215323.778,129.678,10:41,,,,,0.000,"220° 32' 45""","087° 25' 07""",85.293,85.207,23,3.842
STN741_STN11_2,STN11,287351.296,6215323.776,129.678,10:48,,,,,0.000,"040° 32' 39""","272° 34' 53""",85.294,85.207,23,3.842
STN741_STN12_1,STN12,287562.138,6215335.688,132.117,10:44,,,,,0.000,"108° 46' 20""","087° 48' 36""",164.309,164.188,23,6.281
STN741_STN12_2,STN12,287562.139,6215335.689,132.110,10:45,,,,,0.000,"288° 46' 18""","272° 11' 15""",164.308,164.189,23,6.274
STN741_STN742_1,STN742,287572.634,6215365.538,125.591,10:40,,,,,0.000,"097° 53' 11""","090° 05' 12""",167.535,167.535,23,0.245
STN741_STN742_2,STN742,287572.634,6215365.537,125.584,10:44,,,,,0.000,"097° 53' 12""","090° 05' 12""",167.535,167.535,23,0.252
STN741_STN742_3,STN742,287572.634,6215365.539,125.578,10:45,,,,,0.000,"277° 53' 10""","269° 54' 40""",167.535,167.534,23,0.258
STN741_UB74790_1,UB74790,287499.924,6215369.780,121.537,10:44,,,,,0.000,"101° 22' 02""","092° 35' 20""",95.203,95.106,39,4.299
STN741_UB74790_2,UB74790,287499.924,6215369.781,121.536,10:45,,,,,0.000,"281° 21' 59""","267° 24' 37""",95.203,95.106,39,4.300
STN741_UB74800_1,UB74800,287488.050,6215371.314,121.125,10:44,,,,,0.000,"101° 56' 36""","093° 14' 33""",83.300,83.167,8,4.711
STN741_UB74800_2,UB74800,287488.050,6215371.314,121.125,10:45,,,,,0.000,"281° 56' 36""","266° 45' 28""",83.300,83.167,8,4.711
STN741_UB74810_1,UB74810,287479.473,6215371.342,120.327,10:43,,,,,0.000,"103° 16' 55""","094° 12' 48""",74.993,74.790,8,5.509
STN741_UB74810_2,UB74810,287479.474,6215371.342,120.326,10:45,,,,,0.000,"283° 16' 55""","265° 47' 11""",74.993,74.791,8,5.510
STN741_UB74820_1,UB74820,287468.728,6215371.095,121.641,10:43,,,,,0.000,"105° 41' 30""","093° 43' 30""",64.582,64.446,8,4.195
STN741_UB74820_2,UB74820,287468.729,6215371.096,121.639,10:46,,,,,0.000,"285° 41' 25""","266° 16' 24""",64.583,64.446,8,4.197
STN741_UB74830_1,UB74830,287458.814,6215366.454,122.486,10:43,,,,,0.000,"112° 56' 48""","093° 23' 11""",56.709,56.610,8,3.350
STN741_UB74830_2,UB74830,287458.814,6215366.454,122.484,10:46,,,,,0.000,"292° 56' 49""","266° 36' 41""",56.709,56.610,8,3.352
STN741_UB74840_1,UB74840,287448.353,6215365.709,122.915,10:43,,,,,0.000,"118° 42' 08""","093° 31' 08""",47.597,47.507,8,2.921
STN741_UB74840_2,UB74840,287448.353,6215365.710,122.912,10:46,,,,,0.000,"298° 42' 06""","266° 28' 42""",47.597,47.507,8,2.924
STN741_UB74850_1,UB74850,287437.633,6215364.598,123.498,10:42,,,,,0.000,"127° 42' 27""","093° 25' 15""",39.189,39.119,8,2.338
STN741_UB74850_2,UB74850,287437.633,6215364.599,123.496,10:46,,,,,0.000,"307° 42' 26""","266° 34' 34""",39.189,39.119,8,2.340
STN741_UB74860_1,UB74860,287427.403,6215362.353,123.994,10:42,,,,,0.000,"141° 37' 58""","093° 09' 34""",33.431,33.381,8,1.842
STN741_UB74860_2,UB74860,287427.403,6215362.353,123.991,10:47,,,,,0.000,"321° 37' 56""","266° 50' 11""",33.431,33.381,8,1.845
STN741_UB74870_1,UB74870,287417.342,6215360.297,124.512,10:42,,,,,0.000,"159° 18' 54""","092° 30' 49""",30.202,30.173,8,1.324
STN741_UB74870_2,UB74870,287417.342,6215360.297,124.509,10:47,,,,,0.000,"339° 18' 48""","267° 28' 52""",30.202,30.173,8,1.327
STN741_UB74880_1,UB74880,287406.515,6215358.005,124.887,10:42,,,,,0.000,"180° 19' 02""","091° 46' 52""",30.536,30.521,8,0.949
STN741_UB74880_2,UB74880,287406.515,6215358.005,124.884,10:47,,,,,0.000,"000° 18' 58""","268° 12' 51""",30.535,30.521,8,0.952
STN741_UB74890_1,UB74890,287396.531,6215356.695,125.147,10:42,,,,,0.000,"197° 41' 28""","091° 10' 56""",33.417,33.410,8,0.689
STN741_UB74890_2,UB74890,287396.531,6215356.695,125.145,10:47,,,,,0.000,"017° 41' 29""","268° 48' 53""",33.417,33.410,8,0.691
STN741_UB74900_1,UB74900,287386.324,6215354.396,125.566,10:41,,,,,0.000,"210° 49' 06""","090° 23' 19""",39.742,39.741,8,0.270
STN741_UB74900_2,UB74900,287386.324,6215354.396,125.564,10:47,,,,,0.000,"030° 49' 05""","269° 36' 29""",39.742,39.741,8,0.272
STN741_UB74910_1,UB74910,287376.490,6215351.125,125.946,10:41,,,,,0.000,"218° 54' 51""","089° 52' 10""",48.067,48.067,8,0.110
STN741_UB74910_2,UB74910,287376.490,6215351.125,125.943,10:48,,,,,0.000,"038° 54' 52""","270° 07' 37""",48.067,48.067,8,0.107
STN741_UB74920_1,UB74920,287366.609,6215348.057,126.208,10:41,,,,,0.000,"224° 43' 11""","089° 37' 32""",56.954,56.953,8,0.372
STN741_UB74920_2,UB74920,287366.609,6215348.057,126.206,10:48,,,,,0.000,"044° 43' 11""","270° 22' 19""",56.954,56.953,8,0.370
STN741_UB74930_1,UB74930,287356.324,6215344.728,126.915,10:41,,,,,0.000,"228° 59' 13""","089° 04' 26""",66.749,66.741,8,1.079
STN741_UB74930_2,UB74930,287356.323,6215344.729,126.911,10:48,,,,,0.000,"048° 59' 18""","270° 55' 22""",66.749,66.740,8,1.075
STN741_UB74940_1,UB74940,287346.857,6215341.588,127.555,10:41,,,,,0.000,"231° 53' 02""","088° 42' 18""",76.061,76.041,8,1.719
STN741_UB74940_2,UB74940,287346.857,6215341.588,127.554,10:48,,,,,0.000,"051° 53' 01""","271° 17' 39""",76.061,76.041,8,1.718
STN741_UT74790_1,UT74790,287499.609,6215358.170,129.339,10:44,,,,,0.000,"108° 05' 25""","087° 56' 54""",97.820,97.757,34,3.503
STN741_UT74790_2,UT74790,287499.609,6215358.170,129.337,10:45,,,,,0.000,"288° 05' 24""","272° 03' 03""",97.820,97.757,34,3.501
STN741_UT74800_1,UT74800,287489.082,6215357.696,128.909,10:44,,,,,0.000,"110° 30' 47""","087° 59' 60""",88.031,87.977,8,3.073
STN741_UT74800_2,UT74800,287489.083,6215357.697,128.906,10:45,,,,,0.000,"290° 30' 44""","271° 59' 54""",88.031,87.977,8,3.070
STN741_UT74810_1,UT74810,287479.427,6215357.040,129.000,10:44,,,,,0.000,"113° 24' 15""","087° 42' 51""",79.328,79.265,8,3.164
STN741_UT74810_2,UT74810,287479.427,6215357.040,128.998,10:45,,,,,0.000,"293° 24' 14""","272° 17' 02""",79.328,79.265,8,3.162
STN741_UT74820_1,UT74820,287468.825,6215356.612,128.861,10:43,,,,,0.000,"117° 10' 59""","087° 31' 16""",69.922,69.857,8,3.025
STN741_UT74820_2,UT74820,287468.825,6215356.612,128.858,10:46,,,,,0.000,"297° 10' 59""","272° 28' 35""",69.923,69.857,8,3.022
STN741_UT74830_1,UT74830,287458.815,6215357.253,128.551,10:43,,,,,0.000,"120° 57' 30""","087° 26' 36""",60.852,60.791,8,2.715
STN741_UT74830_2,UT74830,287458.815,6215357.254,128.548,10:46,,,,,0.000,"300° 57' 28""","272° 33' 16""",60.852,60.791,8,2.712
STN741_UT74840_1,UT74840,287448.714,6215357.924,128.386,10:43,,,,,0.000,"126° 03' 24""","087° 11' 32""",52.053,51.990,8,2.550
STN741_UT74840_2,UT74840,287448.714,6215357.924,128.383,10:46,,,,,0.000,"306° 03' 23""","272° 48' 18""",52.053,51.990,8,2.547
STN741_UT74850_1,UT74850,287438.420,6215356.684,128.518,10:43,,,,,0.000,"135° 05' 39""","086° 35' 10""",45.036,44.956,8,2.682
STN741_UT74850_2,UT74850,287438.420,6215356.685,128.515,10:46,,,,,0.000,"315° 05' 36""","273° 24' 37""",45.036,44.956,8,2.679
STN741_UT74860_1,UT74860,287428.058,6215355.329,128.451,10:42,,,,,0.000,"147° 13' 22""","086° 12' 39""",39.569,39.482,8,2.615
STN741_UT74860_2,UT74860,287428.058,6215355.329,128.449,10:47,,,,,0.000,"327° 13' 22""","273° 47' 10""",39.568,39.482,8,2.613
STN741_UT74870_1,UT74870,287418.413,6215354.529,128.137,10:42,,,,,0.000,"160° 57' 51""","086° 20' 19""",36.036,35.963,8,2.301
STN741_UT74870_2,UT74870,287418.414,6215354.529,128.135,10:47,,,,,0.000,"340° 57' 48""","273° 39' 28""",36.036,35.963,8,2.299
STN741_UT74880_1,UT74880,287407.543,6215353.038,128.154,10:42,,,,,0.000,"178° 36' 44""","086° 15' 50""",35.573,35.497,8,2.318
STN741_UT74880_2,UT74880,287407.544,6215353.038,128.152,10:47,,,,,0.000,"358° 36' 40""","273° 43' 56""",35.573,35.497,8,2.316
STN741_UT74890_1,UT74890,287397.728,6215351.645,127.908,10:42,,,,,0.000,"193° 38' 59""","086° 52' 30""",38.008,37.951,8,2.072
STN741_UT74890_2,UT74890,287397.728,6215351.645,127.906,10:47,,,,,0.000,"013° 38' 55""","273° 07' 17""",38.008,37.951,8,2.070
STN741_UT74900_1,UT74900,287387.278,6215350.613,128.056,10:42,,,,,0.000,"207° 06' 24""","087° 01' 00""",42.647,42.590,8,2.220
STN741_UT74900_2,UT74900,287387.278,6215350.613,128.054,10:47,,,,,0.000,"027° 06' 25""","272° 58' 50""",42.647,42.590,8,2.218
STN741_UT74910_1,UT74910,287377.252,6215347.681,128.093,10:41,,,,,0.000,"215° 46' 35""","087° 26' 01""",50.394,50.344,8,2.257
STN741_UT74910_2,UT74910,287377.252,6215347.681,128.091,10:48,,,,,0.000,"035° 46' 32""","272° 33' 51""",50.394,50.343,8,2.255
STN741_UT74920_1,UT74920,287367.307,6215345.171,127.891,10:41,,,,,0.000,"222° 14' 53""","087° 59' 27""",58.603,58.567,8,2.055
STN741_UT74920_2,UT74920,287367.307,6215345.171,127.888,10:48,,,,,0.000,"042° 14' 50""","272° 00' 22""",58.603,58.567,8,2.052
STN741_UT74930_1,UT74930,287356.994,6215342.997,127.808,10:41,,,,,0.000,"227° 30' 09""","088° 19' 28""",67.422,67.394,8,1.972
STN741_UT74930_2,UT74930,287356.994,6215342.995,127.804,10:48,,,,,0.000,"047° 30' 05""","271° 40' 21""",67.423,67.394,8,1.968
STN741_UT74940_1,UT74940,287346.854,6215340.838,127.733,10:41,,,,,0.000,"231° 26' 37""","088° 34' 49""",76.533,76.510,34,1.897
STN741_UT74940_2,UT74940,287346.854,6215340.838,127.728,10:48,,,,,0.000,"051° 26' 37""","271° 24' 58""",76.533,76.510,34,1.892
STN741_XU74790_1,XU74790,287501.880,6215358.329,128.358,10:44,,,,,0.000,"107° 35' 56""","088° 33' 14""",99.903,99.871,8,2.522
STN741_XU74790_2,XU74790,287501.881,6215358.331,128.355,10:45,,,,,0.000,"287° 35' 52""","271° 26' 40""",99.903,99.871,8,2.519
STN741_XU74810_1,XU74810,287481.595,6215357.779,127.896,10:44,,,,,0.000,"112° 18' 53""","088° 32' 35""",81.001,80.975,8,2.060
STN741_XU74810_2,XU74810,287481.595,6215357.780,127.894,10:45,,,,,0.000,"292° 18' 51""","271° 27' 20""",81.001,80.975,8,2.058
STN741_XU74850_1,XU74850,287441.026,6215357.270,127.784,10:43,,,,,0.000,"132° 18' 17""","087° 35' 55""",46.477,46.436,8,1.948
STN741_XU74850_2,XU74850,287441.027,6215357.271,127.781,10:46,,,,,0.000,"312° 18' 14""","272° 23' 56""",46.476,46.436,8,1.945
,STN743,,,,,287702.160,6215322.827,0.000,131.997,,,,,,,
STN743_STN12_1,STN12,287562.185,6215335.679,132.114,11:09,,,,,0.000,"275° 14' 47""","089° 57' 11""",140.564,140.564,23,0.117
STN743_STN12_2,STN12,287562.185,6215335.678,132.107,11:20,,,,,0.000,"095° 14' 45""","270° 02' 39""",140.564,140.564,23,0.110
STN743_STN13_1,STN13,287771.787,6215279.722,134.996,11:13,,,,,0.000,"121° 45' 39""","087° 54' 13""",81.945,81.890,23,2.999
STN743_STN13_2,STN13,287771.788,6215279.723,134.992,11:15,,,,,0.000,"301° 45' 37""","272° 05' 38""",81.944,81.890,23,2.995
STN743_STN742_1,STN742,287572.682,6215365.528,125.587,11:08,,,,,0.000,"288° 15' 07""","092° 41' 30""",136.488,136.337,23,6.411
STN743_STN742_2,STN742,287572.681,6215365.528,125.589,11:09,,,,,0.000,"288° 15' 07""","092° 41' 29""",136.489,136.339,23,6.408
STN743_STN742_3,STN742,287572.680,6215365.522,125.583,11:20,,,,,0.000,"108° 14' 58""","267° 18' 21""",136.489,136.338,23,6.414
STN743_UB74470_1,UB74470,287815.977,6215295.113,131.413,11:14,,,,,0.000,"103° 41' 06""","090° 17' 11""",117.144,117.143,8,0.585
STN743_UB74470_2,UB74470,287815.978,6215295.113,131.405,11:14,,,,,0.000,"283° 41' 05""","269° 42' 36""",117.144,117.143,8,0.592
STN743_UB74480_1,UB74480,287805.873,6215298.366,130.706,11:14,,,,,0.000,"103° 16' 16""","090° 41' 40""",106.567,106.559,8,1.291
STN743_UB74480_2,UB74480,287805.874,6215298.367,130.705,11:15,,,,,0.000,"283° 16' 13""","269° 18' 18""",106.567,106.559,8,1.292
STN743_UB74490_1,UB74490,287796.324,6215300.479,130.383,11:14,,,,,0.000,"103° 21' 03""","090° 57' 23""",96.792,96.779,8,1.615
STN743_UB74490_2,UB74490,287796.323,6215300.479,130.382,11:15,,,,,0.000,"283° 21' 03""","269° 02' 35""",96.792,96.779,8,1.616
STN743_UB74500_1,UB74500,287786.718,6215303.638,129.750,11:14,,,,,0.000,"102° 47' 10""","091° 29' 06""",86.737,86.708,8,2.247
STN743_UB74500_2,UB74500,287786.719,6215303.639,129.747,11:15,,,,,0.000,"282° 47' 06""","268° 30' 46""",86.737,86.708,8,2.251
STN743_UB74510_1,UB74510,287777.691,6215306.461,128.954,11:13,,,,,0.000,"102° 13' 34""","092° 15' 19""",77.343,77.283,8,3.043
STN743_UB74510_2,UB74510,287777.691,6215306.462,128.952,11:15,,,,,0.000,"282° 13' 31""","267° 44' 36""",77.343,77.283,8,3.045
STN743_UB74520_1,UB74520,287768.047,6215309.069,128.350,11:13,,,,,0.000,"101° 47' 42""","093° 06' 07""",67.407,67.308,8,3.647
STN743_UB74520_2,UB74520,287768.047,6215309.069,128.347,11:15,,,,,0.000,"281° 47' 40""","266° 53' 43""",67.406,67.308,8,3.650
STN743_UB74530_1,UB74530,287759.332,6215311.561,128.007,11:13,,,,,0.000,"101° 08' 51""","093° 55' 05""",58.407,58.271,8,3.991
STN743_UB74530_2,UB74530,287759.332,6215311.562,128.005,11:16,,,,,0.000,"281° 08' 49""","266° 04' 48""",58.407,58.271,8,3.993
STN743_UB74540_1,UB74540,287749.189,6215314.812,127.715,11:13,,,,,0.000,"099° 40' 17""","095° 07' 46""",47.898,47.707,8,4.282
STN743_UB74540_2,UB74540,287749.188,6215314.813,127.713,11:16,,,,,0.000,"279° 40' 17""","264° 52' 06""",47.898,47.706,8,4.284
STN743_UB74550_1,UB74550,287739.098,6215317.654,127.565,11:13,,,,,0.000,"097° 58' 22""","096° 46' 37""",37.561,37.299,8,4.432
STN743_UB74550_2,UB74550,287739.098,6215317.654,127.564,11:16,,,,,0.000,"277° 58' 21""","263° 13' 18""",37.561,37.299,8,4.433
STN743_UB74560_1,UB74560,287729.934,6215320.019,127.386,11:12,,,,,0.000,"095° 46' 20""","099° 22' 48""",28.294,27.915,8,4.611
STN743_UB74560_2,UB74560,287729.934,6215320.020,127.385,11:16,,,,,0.000,"275° 46' 18""","260° 37' 04""",28.294,27.915,8,4.612
STN743_UB74570_1,UB74570,287720.160,6215323.526,127.372,11:12,,,,,0.000,"087° 46' 32""","104° 24' 05""",18.598,18.013,8,4.625
STN743_UB74570_2,UB74570,287720.160,6215323.526,127.372,11:17,,,,,0.000,"267° 46' 29""","255° 35' 50""",18.597,18.013,8,4.626
STN743_UB74580_1,UB74580,287710.271,6215326.599,127.523,11:12,,,,,0.000,"065° 03' 27""","116° 34' 38""",10.002,8.945,8,4.475
STN743_UB74580_2,UB74580,287710.270,6215326.599,127.522,11:17,,,,,0.000,"245° 03' 26""","243° 25' 11""",10.001,8.944,8,4.475
STN743_UB74590_1,UB74590,287701.040,6215329.428,127.271,11:11,,,,,0.000,"350° 22' 19""","125° 13' 06""",8.196,6.696,8,4.726
STN743_UB74590_2,UB74590,287701.040,6215329.428,127.271,11:18,,,,,0.000,"170° 22' 18""","234° 46' 45""",8.196,6.695,8,4.727
STN743_UB74600_1,UB74600,287691.754,6215332.187,127.220,11:11,,,,,0.000,"311° 58' 10""","108° 50' 50""",14.789,13.996,8,4.778
STN743_UB74600_2,UB74600,287691.754,6215332.186,127.219,11:18,,,,,0.000,"131° 58' 06""","251° 09' 02""",14.789,13.996,8,4.778
STN743_UB74610_1,UB74610,287680.778,6215335.362,126.973,11:11,,,,,0.000,"300° 22' 49""","101° 27' 37""",25.289,24.785,8,5.025
STN743_UB74610_2,UB74610,287680.778,6215335.361,126.972,11:18,,,,,0.000,"120° 22' 44""","258° 32' 18""",25.290,24.785,8,5.025
STN743_UB74620_1,UB74620,287671.967,6215338.073,126.820,11:10,,,,,0.000,"296° 47' 28""","098° 42' 10""",34.218,33.824,8,5.178
STN743_UB74620_2,UB74620,287671.966,6215338.072,126.819,11:18,,,,,0.000,"116° 47' 21""","261° 17' 46""",34.218,33.824,8,5.178
STN743_UB74630_1,UB74630,287662.383,6215340.916,126.639,11:10,,,,,0.000,"294° 27' 14""","096° 59' 28""",44.024,43.697,8,5.358
STN743_UB74630_2,UB74630,287662.383,6215340.915,126.637,11:19,,,,,0.000,"114° 27' 11""","263° 00' 21""",44.024,43.696,8,5.361
STN743_UB74640_1,UB74640,287653.153,6215343.380,126.583,11:10,,,,,0.000,"292° 45' 09""","095° 49' 03""",53.417,53.142,8,5.414
STN743_UB74640_2,UB74640,287653.154,6215343.379,126.582,11:19,,,,,0.000,"112° 45' 06""","264° 10' 50""",53.417,53.142,8,5.416
STN743_UB74650_1,UB74650,287643.569,6215346.034,126.157,11:10,,,,,0.000,"291° 36' 29""","095° 17' 41""",63.290,63.020,8,5.840
STN743_UB74650_2,UB74650,287643.569,6215346.033,126.155,11:19,,,,,0.000,"111° 36' 24""","264° 42' 11""",63.290,63.019,8,5.843
STN743_UB74660_1,UB74660,287632.889,6215348.833,125.998,11:09,,,,,0.000,"290° 34' 39""","094° 38' 09""",74.235,73.992,8,5.999
STN743_UB74660_2,UB74660,287632.888,6215348.831,125.996,11:19,,,,,0.000,"110° 34' 31""","265° 21' 46""",74.235,73.992,8,6.001
STN743_UB74670_1,UB74670,287623.229,6215351.134,125.835,11:09,,,,,0.000,"289° 43' 45""","094° 12' 13""",84.081,83.854,34,6.162
STN743_UB74670_2,UB74670,287623.227,6215351.131,125.833,11:19,,,,,0.000,"109° 43' 37""","265° 47' 42""",84.081,83.855,34,6.164
STN743_UT74470_1,UT74470,287815.428,6215293.396,132.590,11:14,,,,,0.000,"104° 33' 54""","089° 42' 36""",117.031,117.029,34,0.593
STN743_UT74470_2,UT74470,287815.429,6215293.397,132.585,11:14,,,,,0.000,"284° 33' 52""","270° 17' 15""",117.031,117.030,34,0.588
STN743_UT74480_1,UT74480,287805.210,6215295.844,132.436,11:14,,,,,0.000,"104° 40' 23""","089° 45' 52""",106.525,106.524,8,0.439
STN743_UT74480_2,UT74480,287805.210,6215295.844,132.428,11:15,,,,,0.000,"284° 40' 23""","270° 13' 53""",106.525,106.524,8,0.431
STN743_UT74490_1,UT74490,287796.164,6215297.490,132.285,11:14,,,,,0.000,"105° 05' 05""","089° 49' 52""",97.359,97.359,8,0.288
STN743_UT74490_2,UT74490,287796.164,6215297.488,132.283,11:15,,,,,0.000,"285° 05' 07""","270° 10' 03""",97.360,97.359,8,0.285
STN743_UT74500_1,UT74500,287786.525,6215299.617,132.176,11:14,,,,,0.000,"105° 22' 57""","089° 53' 00""",87.500,87.500,8,0.179
STN743_UT74500_2,UT74500,287786.526,6215299.618,132.176,11:15,,,,,0.000,"285° 22' 54""","270° 06' 60""",87.500,87.500,8,0.179
STN743_UT74510_1,UT74510,287776.764,6215301.681,131.975,11:13,,,,,0.000,"105° 49' 30""","090° 00' 60""",77.543,77.543,8,0.022
STN743_UT74510_2,UT74510,287776.764,6215301.681,131.974,11:15,,,,,0.000,"285° 49' 31""","269° 58' 55""",77.543,77.543,8,0.024
STN743_UT74520_1,UT74520,287766.779,6215304.240,131.787,11:13,,,,,0.000,"106° 02' 49""","090° 10' 47""",67.239,67.239,8,0.211
STN743_UT74520_2,UT74520,287766.779,6215304.240,131.784,11:16,,,,,0.000,"286° 02' 51""","269° 49' 05""",67.239,67.239,8,0.213
STN743_UT74530_1,UT74530,287757.623,6215306.597,131.455,11:13,,,,,0.000,"106° 18' 40""","090° 32' 16""",57.791,57.788,8,0.542
STN743_UT74530_2,UT74530,287757.623,6215306.598,131.454,11:16,,,,,0.000,"286° 18' 37""","269° 27' 39""",57.791,57.788,8,0.544
STN743_UT74540_1,UT74540,287747.764,6215309.184,131.587,11:13,,,,,0.000,"106° 39' 18""","090° 29' 40""",47.602,47.600,8,0.411
STN743_UT74540_2,UT74540,287747.764,6215309.185,131.586,11:16,,,,,0.000,"286° 39' 16""","269° 30' 15""",47.602,47.600,8,0.412
STN743_UT74550_1,UT74550,287737.878,6215311.842,131.382,11:12,,,,,0.000,"107° 05' 45""","090° 56' 37""",37.374,37.369,8,0.615
STN743_UT74550_2,UT74550,287737.877,6215311.842,131.381,11:16,,,,,0.000,"287° 05' 43""","269° 03' 16""",37.373,37.368,8,0.617
STN743_UT74560_1,UT74560,287728.361,6215314.682,131.390,11:12,,,,,0.000,"107° 16' 08""","091° 16' 06""",27.445,27.438,8,0.607
STN743_UT74560_2,UT74560,287728.362,6215314.682,131.389,11:17,,,,,0.000,"287° 16' 03""","268° 43' 46""",27.445,27.438,8,0.609
STN743_UT74570_1,UT74570,287718.903,6215317.792,131.329,11:12,,,,,0.000,"106° 44' 16""","092° 11' 27""",17.496,17.483,8,0.669
STN743_UT74570_2,UT74570,287718.903,6215317.792,131.328,11:17,,,,,0.000,"286° 44' 15""","267° 48' 30""",17.496,17.483,8,0.669
STN743_UT74580_1,UT74580,287709.420,6215320.674,131.128,11:11,,,,,0.000,"106° 31' 17""","096° 33' 06""",7.622,7.572,8,0.870
STN743_UT74580_2,UT74580,287709.420,6215320.674,131.127,11:17,,,,,0.000,"286° 31' 15""","263° 26' 43""",7.622,7.572,8,0.870
STN743_UT74590_1,UT74590,287699.766,6215323.682,131.232,11:11,,,,,0.000,"289° 39' 42""","106° 45' 46""",2.655,2.542,8,0.766
STN743_UT74590_2,UT74590,287699.767,6215323.682,131.232,11:18,,,,,0.000,"109° 39' 28""","253° 13' 58""",2.655,2.542,8,0.766
STN743_UT74600_1,UT74600,287690.256,6215326.450,131.113,11:11,,,,,0.000,"286° 55' 38""","094° 03' 50""",12.475,12.444,8,0.884
STN743_UT74600_2,UT74600,287690.256,6215326.450,131.113,11:18,,,,,0.000,"106° 55' 33""","265° 55' 60""",12.475,12.444,8,0.885
STN743_UT74610_1,UT74610,287680.164,6215329.158,131.176,11:10,,,,,0.000,"286° 03' 27""","092° 03' 20""",22.904,22.890,8,0.821
STN743_UT74610_2,UT74610,287680.163,6215329.158,131.176,11:18,,,,,0.000,"106° 03' 22""","267° 56' 41""",22.905,22.890,8,0.821
STN743_UT74620_1,UT74620,287670.673,6215331.792,131.154,11:10,,,,,0.000,"285° 53' 32""","091° 28' 35""",32.750,32.739,8,0.844
STN743_UT74620_2,UT74620,287670.672,6215331.791,131.152,11:19,,,,,0.000,"105° 53' 25""","268° 31' 17""",32.750,32.739,8,0.845
STN743_UT74630_1,UT74630,287660.996,6215334.403,130.796,11:10,,,,,0.000,"285° 42' 23""","091° 36' 35""",42.778,42.761,8,1.202
STN743_UT74630_2,UT74630,287660.996,6215334.402,130.794,11:19,,,,,0.000,"105° 42' 18""","268° 23' 17""",42.777,42.761,8,1.203
STN743_UT74640_1,UT74640,287651.164,6215337.246,131.074,11:10,,,,,0.000,"285° 47' 17""","090° 59' 53""",53.003,52.995,8,0.923
STN743_UT74640_2,UT74640,287651.164,6215337.244,131.071,11:19,,,,,0.000,"105° 47' 11""","268° 59' 54""",53.003,52.995,8,0.926
STN743_UT74650_1,UT74650,287641.754,6215339.649,131.279,11:09,,,,,0.000,"285° 33' 41""","090° 39' 26""",62.709,62.705,34,0.718
STN743_UT74650_2,UT74650,287641.753,6215339.647,131.276,11:19,,,,,0.000,"105° 33' 33""","269° 20' 26""",62.709,62.705,34,0.721
STN743_XU74580_1,XU74580,287708.911,6215321.153,130.321,11:11,,,,,0.000,"103° 55' 26""","103° 33' 15""",7.154,6.955,8,1.677
STN743_XU74580_2,XU74580,287708.911,6215321.154,130.321,11:17,,,,,0.000,"283° 55' 22""","256° 26' 49""",7.154,6.955,8,1.676
STN743_XU74610_1,XU74610,287679.303,6215329.528,130.552,11:10,,,,,0.000,"286° 20' 20""","093° 28' 24""",23.863,23.820,8,1.446
STN743_XU74610_2,XU74610,287679.302,6215329.527,130.551,11:18,,,,,0.000,"106° 20' 15""","266° 31' 28""",23.864,23.820,8,1.447
