UID,Point ID,X,Y,Z,Time,Stn E,Stn N,Stn H,Stn Z,Targ Z,Hz Angle,Vert Angle,Slope Dist.,Hz Dist.,Prism Const.,Height Diff.
,FOCSTN01,,,,,10000.000,5000.000,200.000,,,,,,,,
FOCSTN01_FOC01_1,FOC01,9963.269,5086.732,200.883,10:16,,,,,1.543,"337'2'51""","88'31'29""",94.221,94.189,000,0.883
FOCSTN01_FOC01_2,FOC01,9963.266,5086.731,200.881,10:17,,,,,1.543,"157'2'43""","271'28'25""",94.221,94.190,000,0.881
FOCSTN01_FOC01_3,FOC01,9963.266,5086.731,200.881,10:17,,,,,1.543,"157'2'45""","271'28'25""",94.221,94.190,000,0.881
FOCSTN01_FOC01_4,FOC01,9963.269,5086.732,200.884,10:17,,,,,1.543,"337'2'50""","88'31'27""",94.221,94.189,000,0.884
FOCSTN01_FOC09_1,FOC09,10040.055,4949.390,195.306,10:20,,,,,1.543,"141'38'25""","92'47'42""",64.620,64.543,000,4.694
FOCSTN01_FOC09_2,FOC09,10040.054,4949.388,195.306,10:20,,,,,1.543,"321'38'31""","267'12'18""",64.620,64.543,000,4.694
FOCSTN01_FOC09_3,FOC09,10040.054,4949.389,195.306,10:20,,,,,1.543,"321'38'31""","267'12'15""",64.620,64.543,000,4.694
FOCSTN01_FOC09_4,FOC09,10040.056,4949.390,195.307,10:20,,,,,1.543,"141'38'22""","92'47'40""",64.620,64.543,000,4.693
FOCSTN01_UT75600_1,UT75600,10012.072,5070.972,202.210,10:15,,,,,,"9'39'12""","88'14'31""",72.026,71.992,034,2.210
FOCSTN01_UT75600_2,UT75600,10012.071,5070.973,202.207,10:15,,,,,,"189'39'8""","271'45'20""",72.026,71.992,034,2.207
FOCSTN01_UT75600_3,UT75600,10012.071,5070.973,202.207,10:15,,,,,,"189'39'8""","271'45'22""",72.026,71.992,034,2.207
FOCSTN01_UT75600_4,UT75600,10012.072,5070.972,202.209,10:16,,,,,,"9'39'12""","88'14'32""",72.025,71.992,034,2.209
,FOCSTN02,,,,,10000.000,5000.000,200.000,,,,,,,,
FOCSTN02_FOC09_1,FOC09,10027.074,5053.107,200.863,10:25,,,,,1.543,"27'0'44""","87'41'20""",59.658,59.610,000,0.863
FOCSTN02_FOC09_2,FOC09,10027.074,5053.107,200.862,10:25,,,,,1.543,"207'0'45""","272'18'36""",59.658,59.610,000,0.862
FOCSTN02_FOC09_3,FOC09,10027.074,5053.107,200.862,10:25,,,,,1.543,"207'0'43""","272'18'36""",59.658,59.610,000,0.862
FOCSTN02_FOC09_4,FOC09,10027.075,5053.106,200.863,10:25,,,,,1.543,"27'0'48""","87'41'20""",59.658,59.610,000,0.863
FOCSTN02_FOC16_1,FOC16,9946.931,4967.419,201.039,10:25,,,,,1.543,"238'27'9""","87'37'32""",62.326,62.273,000,1.039
FOCSTN02_FOC16_2,FOC16,9946.931,4967.418,201.038,10:25,,,,,1.543,"58'27'7""","272'22'24""",62.327,62.273,000,1.038
FOCSTN02_FOC16_3,FOC16,9946.930,4967.419,201.038,10:25,,,,,1.543,"58'27'10""","272'22'22""",62.327,62.273,000,1.038
FOCSTN02_FOC16_4,FOC16,9946.931,4967.419,201.039,10:25,,,,,1.543,"238'27'9""","87'37'35""",62.326,62.273,000,1.039
,FOCSTN03A,,,,,10000.000,5000.000,200.000,,,,,,,,
FOCSTN03A_FOC16_1,FOC16,9956.031,4956.140,196.388,10:30,,,,,1.543,"225'4'15""","91'54'28""",62.138,62.104,000,3.612
FOCSTN03A_FOC16_2,FOC16,9956.031,4956.141,196.387,10:30,,,,,1.543,"45'4'18""","268'5'27""",62.138,62.104,000,3.613
FOCSTN03A_FOC16_3,FOC16,9956.031,4956.140,196.387,10:30,,,,,1.543,"45'4'15""","268'5'27""",62.139,62.104,000,3.613
FOCSTN03A_FOC16_4,FOC16,9956.031,4956.140,196.388,10:30,,,,,1.543,"225'4'15""","91'54'29""",62.138,62.104,000,3.612
FOCSTN03A_FOC22_1,FOC22,10027.143,5058.019,201.099,10:33,,,,,1.543,"25'4'19""","87'38'18""",64.109,64.054,000,1.099
FOCSTN03A_FOC22_2,FOC22,10027.144,5058.019,201.097,10:33,,,,,1.543,"205'4'20""","272'21'36""",64.109,64.054,000,1.097
FOCSTN03A_FOC22_3,FOC22,10027.142,5058.020,201.097,10:33,,,,,1.543,"205'4'13""","272'21'34""",64.109,64.055,000,1.097
FOCSTN03A_FOC22_4,FOC22,10027.143,5058.019,201.098,10:33,,,,,1.543,"25'4'15""","87'38'21""",64.109,64.054,000,1.098
FOCSTN03A_FOCSTN03_1,FOCSTN03,9995.387,5002.557,200.123,10:31,,,,,,"298'59'43""","88'40'4""",5.276,5.275,023,0.123
FOCSTN03A_FOCSTN03_2,FOCSTN03,9995.386,5002.557,200.122,10:31,,,,,,"118'59'54""","271'19'31""",5.277,5.275,023,0.122
FOCSTN03A_FOCSTN03_3,FOCSTN03,9995.386,5002.557,200.122,10:31,,,,,,"118'59'55""","271'19'31""",5.277,5.275,023,0.122
FOCSTN03A_FOCSTN03_4,FOCSTN03,9995.386,5002.557,200.123,10:31,,,,,,"298'59'40""","88'40'1""",5.276,5.275,023,0.123
FOCSTN03A_STN01_1,STN01,9919.297,5122.215,200.013,10:32,,,,,,"326'33'41""","89'59'44""",146.457,146.457,023,0.013
FOCSTN03A_STN01_2,STN01,9919.292,5122.212,200.013,10:32,,,,,,"146'33'34""","270'0'15""",146.457,146.457,023,0.013
FOCSTN03A_STN01_3,STN01,9919.294,5122.214,200.008,10:32,,,,,,"146'33'37""","270'0'9""",146.457,146.457,023,0.008
FOCSTN03A_STN01_4,STN01,9919.298,5122.216,200.015,10:32,,,,,,"326'33'43""","89'59'40""",146.457,146.457,023,0.015
,STN01,,,,,9919.297,5122.215,200.013,,,,,,,,
STN01_FOCSTN03_1,FOCSTN03,9995.387,5002.557,200.109,10:41,,,,,,"147'32'52""","89'57'42""",141.802,141.802,023,0.097
STN01_FOCSTN03_2,FOCSTN03,9995.390,5002.558,200.103,10:41,,,,,,"327'32'47""","270'2'9""",141.803,141.803,023,0.090
STN01_MR9001_1,MR9001,9820.950,5174.308,193.249,10:42,,,,,1.543,"117'54'34""","267'18'50""",111.413,111.291,000,6.763
STN01_MR9001_2,MR9001,9820.951,5174.309,193.250,10:42,,,,,1.543,"297'54'38""","92'41'7""",111.413,111.291,000,6.762
STN01_MR9001_3,MR9001,9820.951,5174.310,193.248,10:42,,,,,1.543,"297'54'38""","92'41'12""",111.413,111.291,000,6.765
STN01_MR9001_4,MR9001,9820.950,5174.307,193.250,10:43,,,,,1.543,"117'54'34""","267'18'50""",111.413,111.291,000,6.763
STN01_MR9002_1,MR9002,9839.091,5169.797,192.948,10:43,,,,,1.543,"120'40'42""","266'36'40""",93.421,93.257,000,7.065
STN01_MR9002_2,MR9002,9839.092,5169.797,192.948,10:43,,,,,1.543,"300'40'43""","93'23'20""",93.421,93.257,000,7.065
STN01_MR9003_1,MR9003,9858.232,5162.577,193.593,10:44,,,,,1.543,"303'27'47""","93'48'44""",73.360,73.198,000,6.420
STN01_MR9003_2,MR9003,9858.231,5162.577,193.593,10:44,,,,,1.543,"123'27'46""","266'11'18""",73.361,73.198,000,6.419
STN01_MR9004_1,MR9004,9876.595,5154.850,195.284,10:44,,,,,1.543,"127'23'19""","266'36'27""",53.839,53.744,000,4.729
STN01_MR9004_2,MR9004,9876.595,5154.850,195.284,10:44,,,,,1.543,"307'23'20""","93'23'31""",53.839,53.744,000,4.728
STN01_MR9005_1,MR9005,9892.624,5146.296,196.382,10:45,,,,,1.543,"312'4'38""","93'19'32""",35.996,35.935,000,3.631
STN01_MR9005_2,MR9005,9892.624,5146.296,196.380,10:45,,,,,1.543,"132'4'37""","266'40'20""",35.996,35.935,000,3.632
STN01_MR9006_1,MR9006,9909.999,5136.280,197.470,10:45,,,,,1.543,"146'31'52""","266'36'25""",16.890,16.860,000,2.543
STN01_MR9006_2,MR9006,9909.999,5136.280,197.471,10:46,,,,,1.543,"326'31'54""","93'23'26""",16.890,16.860,000,2.542
STN01_MR9007_1,MR9007,9927.686,5126.307,198.922,10:46,,,,,1.543,"63'59'52""","87'13'31""",9.345,9.334,000,1.091
STN01_MR9007_2,MR9007,9927.687,5126.308,198.922,10:47,,,,,1.543,"243'59'52""","272'46'18""",9.346,9.335,000,1.091
STN01_MR9008_1,MR9008,9945.740,5115.301,200.004,10:47,,,,,1.543,"284'39'13""","273'12'49""",27.376,27.333,000,0.008
STN01_MR9008_2,MR9008,9945.740,5115.301,200.005,10:47,,,,,1.543,"104'39'12""","86'47'6""",27.376,27.333,000,0.008
STN01_MR9009_1,MR9009,9961.979,5103.763,200.183,10:48,,,,,1.543,"113'22'45""","87'53'22""",46.532,46.500,000,0.171
STN01_MR9009_2,MR9009,9961.979,5103.763,200.183,10:48,,,,,1.543,"293'22'45""","272'6'34""",46.532,46.500,000,0.170
STN01_MR9010_1,MR9010,9977.923,5092.300,200.443,10:48,,,,,1.543,"297'2'0""","271'43'2""",65.847,65.818,000,0.431
STN01_MR9010_2,MR9010,9977.923,5092.299,200.442,10:48,,,,,1.543,"117'2'3""","88'17'3""",65.847,65.818,000,0.429
STN01_MR9011_1,MR9011,9994.520,5080.258,200.574,10:49,,,,,1.543,"119'9'5""","88'36'3""",86.159,86.133,000,0.561
STN01_MR9011_2,MR9011,9994.520,5080.259,200.576,10:49,,,,,1.543,"299'9'2""","271'24'2""",86.159,86.133,000,0.563
STN01_MR9012_1,MR9012,10011.450,5068.369,200.705,10:49,,,,,1.543,"300'17'54""","271'11'58""",106.755,106.732,000,0.692
STN01_MR9012_2,MR9012,10011.449,5068.368,200.703,10:49,,,,,1.543,"120'17'56""","88'48'6""",106.755,106.731,000,0.690
STN01_MR9012_3,MR9012,10011.449,5068.368,200.702,10:50,,,,,1.543,"120'17'55""","88'48'9""",106.755,106.732,000,0.689
STN01_MR9012_4,MR9012,10011.450,5068.370,200.709,10:50,,,,,1.543,"300'17'52""","271'12'4""",106.755,106.731,000,0.696
,FOCSTN03,,,,,9995.387,5002.556,200.106,,,,,,,,
FOCSTN03_STN01_1,STN01,9919.297,5122.215,199.994,10:56,,,,,,"327'32'52""","90'2'45""",141.802,141.802,023,0.113
FOCSTN03_STN01_2,STN01,9919.294,5122.214,200.000,10:56,,,,,,"147'32'48""","269'57'22""",141.802,141.802,023,0.106
FOCSTN03_STN02_1,STN02,10089.152,5007.532,201.373,10:56,,,,,,"266'57'45""","270'46'20""",93.906,93.897,000,1.267
FOCSTN03_STN02_2,STN02,10089.152,5007.531,201.375,10:56,,,,,,"86'57'46""","89'13'35""",93.906,93.898,000,1.268
,STN02,,,,,10089.152,5007.531,201.375,,,,,,,,
STN02_FOCSTN03_1,FOCSTN03,9995.387,5002.557,200.101,11:00,,,,,,"266'57'47""","90'46'38""",93.906,93.897,023,1.274
STN02_FOCSTN03_2,FOCSTN03,9995.387,5002.556,200.101,11:00,,,,,,"86'57'45""","269'13'18""",93.906,93.897,023,1.274
STN02_MR9012_1,MR9012,10011.449,5068.369,200.690,11:01,,,,,1.543,"308'3'33""","89'30'7""",98.690,98.687,000,0.685
STN02_MR9012_2,MR9012,10011.451,5068.372,200.691,11:01,,,,,1.543,"128'3'39""","270'29'54""",98.690,98.686,000,0.684
STN02_MR9012_3,MR9012,10011.449,5068.369,200.691,11:01,,,,,1.543,"128'3'34""","270'29'54""",98.690,98.687,000,0.684
STN02_MR9012_4,MR9012,10011.450,5068.371,200.690,11:02,,,,,1.543,"308'3'36""","89'30'9""",98.691,98.687,000,0.685
STN02_MR9013_1,MR9013,10027.143,5058.021,201.077,11:02,,,,,1.543,"309'9'11""","89'6'29""",79.974,79.965,000,0.298
STN02_MR9013_2,MR9013,10027.144,5058.022,201.076,11:02,,,,,1.543,"129'9'14""","270'53'27""",79.974,79.965,000,0.299
STN02_MR9014_1,MR9014,10044.197,5045.179,201.187,11:03,,,,,1.543,"309'56'38""","88'40'36""",58.653,58.637,000,0.188
STN02_MR9014_2,MR9014,10044.198,5045.180,201.189,11:03,,,,,1.543,"129'56'43""","271'19'31""",58.653,58.637,000,0.186
STN02_MR9015_1,MR9015,10059.034,5035.296,201.010,11:03,,,,,1.543,"132'40'18""","271'38'52""",40.981,40.964,000,0.365
STN02_MR9015_2,MR9015,10059.034,5035.297,201.011,11:04,,,,,1.543,"312'40'22""","88'21'4""",40.981,40.964,000,0.364
STN02_MR9016_1,MR9016,10076.936,5023.723,200.623,11:04,,,,,1.543,"322'57'52""","87'46'3""",20.299,20.283,000,0.752
STN02_MR9016_2,MR9016,10076.936,5023.723,200.623,11:04,,,,,1.543,"142'57'53""","272'13'54""",20.299,20.283,000,0.752
STN02_MR9017_1,MR9017,10092.966,5015.250,200.318,11:05,,,,,1.543,"206'17'31""","273'13'40""",8.623,8.609,000,1.057
STN02_MR9017_2,MR9017,10092.966,5015.250,200.318,11:05,,,,,1.543,"26'17'32""","86'46'9""",8.623,8.609,000,1.057
STN02_MR9018_1,MR9018,10112.696,5008.090,200.259,11:05,,,,,1.543,"88'38'22""","88'57'38""",23.554,23.550,000,1.116
STN02_MR9018_2,MR9018,10112.696,5008.091,200.260,11:06,,,,,1.543,"268'38'20""","271'2'27""",23.554,23.550,000,1.115
STN02_MR9019_1,MR9019,10132.388,5001.037,200.328,11:06,,,,,1.543,"278'32'34""","270'38'59""",43.723,43.721,000,1.047
STN02_MR9019_2,MR9019,10132.387,5001.036,200.327,11:06,,,,,1.543,"98'32'37""","89'21'3""",43.723,43.720,000,1.048
STN02_MR9020_1,MR9020,10149.913,4994.810,200.850,11:07,,,,,1.543,"101'49'29""","89'3'39""",62.086,62.078,000,0.525
STN02_MR9020_2,MR9020,10149.913,4994.813,200.852,11:07,,,,,1.543,"281'49'20""","270'56'29""",62.086,62.078,000,0.523
STN02_MR9021_1,MR9021,10170.214,4987.566,200.954,11:07,,,,,1.543,"283'50'9""","270'46'9""",83.492,83.484,000,0.421
STN02_MR9021_2,MR9021,10170.214,4987.566,200.953,11:07,,,,,1.543,"103'50'12""","89'13'51""",83.491,83.484,000,0.422
STN02_MR9022_1,MR9022,10187.258,4981.298,201.033,11:08,,,,,1.543,"104'58'13""","89'19'21""",101.560,101.553,000,0.342
STN02_MR9022_2,MR9022,10187.259,4981.299,201.038,11:08,,,,,1.543,"284'58'11""","270'40'49""",101.560,101.553,000,0.337
STN02_MR9022_3,MR9022,10187.259,4981.301,201.040,11:08,,,,,1.543,"284'58'6""","270'40'52""",101.560,101.553,000,0.335
STN02_MR9022_4,MR9022,10187.258,4981.297,201.034,11:08,,,,,1.543,"104'58'15""","89'19'20""",101.560,101.552,000,0.341
STN02_STN03_1,STN03,10280.591,4941.643,204.540,11:01,,,,,,"288'59'31""","270'53'41""",202.485,202.460,000,3.165
STN02_STN03_2,STN03,10280.589,4941.636,204.540,11:01,,,,,,"108'59'38""","89'6'18""",202.485,202.460,000,3.166
,STN03,,,,,10280.589,4941.636,204.540,,,,,,,,
STN03_MR9022_1,MR9022,10187.257,4981.292,201.024,11:14,,,,,1.543,"293'1'11""","91'6'55""",101.427,101.407,000,3.517
STN03_MR9022_2,MR9022,10187.255,4981.290,201.027,11:14,,,,,1.543,"113'1'6""","268'53'11""",101.427,101.408,000,3.513
STN03_MR9022_3,MR9022,10187.256,4981.291,201.027,11:14,,,,,1.543,"113'1'10""","268'53'11""",101.427,101.408,000,3.513
STN03_MR9022_4,MR9022,10187.257,4981.293,201.025,11:14,,,,,1.543,"293'1'13""","91'6'52""",101.427,101.408,000,3.515
STN03_MR9023_1,MR9023,10207.151,4974.322,201.156,11:14,,,,,1.543,"293'59'34""","91'18'45""",80.405,80.383,000,3.385
STN03_MR9023_2,MR9023,10207.150,4974.320,201.158,11:15,,,,,1.543,"113'59'29""","268'41'18""",80.405,80.384,000,3.383
STN03_MR9024_1,MR9024,10232.293,4966.381,201.585,11:16,,,,,1.543,"117'7'43""","268'30'31""",54.285,54.266,000,2.955
STN03_MR9024_2,MR9024,10232.293,4966.381,201.585,11:17,,,,,1.543,"297'7'43""","91'29'29""",54.285,54.266,000,2.956
STN03_MR9025_1,MR9025,10246.522,4961.446,202.010,11:17,,,,,1.543,"300'10'40""","91'26'9""",39.421,39.408,000,2.531
STN03_MR9025_2,MR9025,10246.521,4961.445,202.010,11:17,,,,,1.543,"120'10'36""","268'33'54""",39.420,39.408,000,2.530
STN03_MR9026_1,MR9026,10263.272,4955.395,202.446,11:18,,,,,1.543,"128'28'4""","268'34'18""",22.124,22.117,000,2.094
STN03_MR9026_2,MR9026,10263.272,4955.395,202.446,11:18,,,,,1.543,"308'28'6""","91'25'38""",22.124,22.117,000,2.094
STN03_MR9027_1,MR9027,10283.055,4948.232,202.957,11:18,,,,,1.543,"20'30'6""","90'19'59""",7.042,7.042,000,1.584
STN03_MR9027_2,MR9027,10283.055,4948.233,202.956,11:18,,,,,1.543,"200'30'9""","269'39'56""",7.042,7.042,000,1.584
STN03_MR9028_1,MR9028,10302.904,4941.036,203.342,11:19,,,,,1.543,"271'32'29""","270'53'2""",22.326,22.323,000,1.199
STN03_MR9028_2,MR9028,10302.904,4941.036,203.342,11:19,,,,,1.543,"91'32'28""","89'6'53""",22.326,22.323,000,1.198
STN03_MR9029_1,MR9029,10319.781,4934.948,203.659,11:19,,,,,1.543,"99'41'4""","89'2'45""",39.764,39.758,000,0.881
STN03_MR9029_2,MR9029,10319.781,4934.948,203.660,11:19,,,,,1.543,"279'41'4""","270'57'15""",39.764,39.758,000,0.880
STN03_MR9030_1,MR9030,10339.598,4927.777,204.000,11:20,,,,,1.543,"283'13'2""","270'56'52""",60.623,60.615,000,0.540
STN03_MR9030_2,MR9030,10339.597,4927.775,204.000,11:20,,,,,1.543,"103'13'9""","89'3'7""",60.623,60.615,000,0.540
STN03_MR9031_1,MR9031,10356.430,4921.594,204.178,11:21,,,,,1.543,"104'48'11""","89'8'17""",78.454,78.445,000,0.362
STN03_MR9031_2,MR9031,10356.431,4921.596,204.180,11:21,,,,,1.543,"284'48'4""","270'51'47""",78.454,78.445,000,0.360
STN03_MR9032_1,MR9032,10376.462,4914.291,204.765,11:21,,,,,1.543,"285'55'9""","271'0'54""",99.712,99.696,000,0.225
STN03_MR9032_2,MR9032,10376.461,4914.288,204.762,11:21,,,,,1.543,"105'55'15""","88'59'10""",99.712,99.696,000,0.222
STN03_MR9032_3,MR9032,10376.461,4914.288,204.763,11:21,,,,,1.543,"105'55'15""","88'59'7""",99.712,99.696,000,0.223
STN03_MR9032_4,MR9032,10376.461,4914.290,204.765,11:21,,,,,1.543,"285'55'11""","271'0'54""",99.712,99.696,000,0.224
STN03_STN02_1,STN02,10089.152,5007.531,201.354,11:13,,,,,,"288'59'38""","90'54'9""",202.485,202.460,000,3.186
STN03_STN02_2,STN02,10089.149,5007.523,201.365,11:13,,,,,,"108'59'29""","269'6'2""",202.485,202.460,000,3.175
STN03_STN04_1,STN04,10467.052,4872.582,208.300,11:13,,,,,,"290'19'16""","271'4'56""",198.875,198.840,000,3.760
STN03_STN04_2,STN04,10467.051,4872.577,208.289,11:13,,,,,,"110'19'22""","88'55'14""",198.875,198.840,000,3.749
,STN04,,,,,10467.052,4872.582,208.300,,,,,,,,
STN04_MR9032_1,MR9032,10376.462,4914.292,204.760,11:28,,,,,1.543,"294'43'20""","91'8'51""",99.752,99.732,000,3.540
STN04_MR9032_2,MR9032,10376.461,4914.291,204.763,11:28,,,,,1.543,"114'43'19""","268'51'15""",99.752,99.732,000,3.537
STN04_MR9032_3,MR9032,10376.462,4914.292,204.762,11:28,,,,,1.543,"114'43'20""","268'51'13""",99.752,99.732,000,3.538
STN04_MR9032_4,MR9032,10376.462,4914.292,204.760,11:28,,,,,1.543,"294'43'20""","91'8'52""",99.752,99.732,000,3.541
STN04_MR9033_1,MR9033,10395.959,4907.210,205.261,11:29,,,,,1.543,"295'58'11""","91'5'2""",79.093,79.079,000,3.039
STN04_MR9033_2,MR9033,10395.957,4907.208,205.263,11:29,,,,,1.543,"115'58'4""","268'55'2""",79.093,79.079,000,3.037
STN04_MR9034_1,MR9034,10412.812,4901.101,205.609,11:30,,,,,1.543,"117'44'6""","268'55'34""",61.292,61.282,000,2.691
STN04_MR9034_2,MR9034,10412.812,4901.102,205.604,11:30,,,,,1.543,"297'44'11""","91'4'39""",61.292,61.281,000,2.696
STN04_MR9035_1,MR9035,10432.555,4894.185,206.060,11:31,,,,,1.543,"302'3'18""","90'58'54""",40.710,40.704,000,2.240
STN04_MR9035_2,MR9035,10432.554,4894.184,206.061,11:31,,,,,1.543,"122'3'15""","269'1'11""",40.710,40.704,000,2.239
STN04_MR9036_1,MR9036,10452.135,4886.657,206.329,11:32,,,,,1.543,"133'20'11""","268'48'9""",20.514,20.510,000,1.972
STN04_MR9036_2,MR9036,10452.135,4886.657,206.328,11:32,,,,,1.543,"313'20'13""","91'11'52""",20.514,20.510,000,1.972
STN04_MR9037_1,MR9037,10469.479,4881.206,206.834,11:33,,,,,1.543,"15'43'2""","89'30'37""",8.960,8.959,000,1.466
STN04_MR9037_2,MR9037,10469.480,4881.206,206.833,11:33,,,,,1.543,"195'43'6""","270'29'11""",8.960,8.959,000,1.467
STN04_MR9038_1,MR9038,10489.290,4874.921,207.663,11:34,,,,,1.543,"263'59'40""","272'19'9""",22.379,22.360,000,0.637
STN04_MR9038_2,MR9038,10489.290,4874.921,207.663,11:34,,,,,1.543,"83'59'42""","87'40'53""",22.378,22.360,000,0.638
STN04_MR9039_1,MR9039,10509.060,4868.703,208.161,11:35,,,,,1.543,"95'16'29""","88'5'38""",42.210,42.186,000,0.139
STN04_MR9039_2,MR9039,10509.060,4868.704,208.162,11:35,,,,,1.543,"275'16'25""","271'54'27""",42.210,42.187,000,0.138
STN04_MR9040_1,MR9040,10526.149,4863.344,208.542,11:35,,,,,1.543,"278'53'4""","271'42'31""",59.841,59.814,000,0.241
STN04_MR9040_2,MR9040,10526.149,4863.342,208.538,11:36,,,,,1.543,"98'53'11""","88'17'40""",59.841,59.814,000,0.238
STN04_MR9041_1,MR9041,10546.046,4857.072,208.810,11:36,,,,,1.543,"101'6'29""","88'32'22""",80.528,80.502,000,0.510
STN04_MR9041_2,MR9041,10546.047,4857.073,208.813,11:37,,,,,1.543,"281'6'27""","271'27'45""",80.529,80.502,000,0.513
STN04_MR9042_1,MR9042,10565.699,4850.889,209.357,11:38,,,,,1.543,"282'24'8""","271'28'25""",101.037,101.003,000,1.056
STN04_MR9042_2,MR9042,10565.698,4850.883,209.352,11:38,,,,,1.543,"102'24'19""","88'31'44""",101.037,101.004,000,1.052
STN04_MR9042_3,MR9042,10565.698,4850.884,209.351,11:38,,,,,1.543,"102'24'18""","88'31'45""",101.037,101.004,000,1.051
STN04_MR9042_4,MR9042,10565.698,4850.887,209.356,11:38,,,,,1.543,"282'24'11""","271'28'25""",101.037,101.004,000,1.056
STN04_STN03_1,STN03,10280.594,4941.649,204.520,11:27,,,,,,"290'19'31""","91'5'23""",198.875,198.839,000,3.781
STN04_STN03_2,STN03,10280.593,4941.645,204.533,11:27,,,,,,"110'19'27""","268'54'49""",198.875,198.839,000,3.768
STN04_STN05_1,STN05,10655.443,4809.034,214.054,11:27,,,,,,"288'38'25""","271'39'25""",198.903,198.820,023,5.754
STN04_STN05_2,STN05,10655.441,4809.028,214.046,11:27,,,,,,"108'38'30""","88'20'44""",198.903,198.820,023,5.746
,STN05,,,,,10655.441,4809.028,214.046,,,,,,,,
STN05_MR9042_1,MR9042,10565.696,4850.878,209.339,11:45,,,,,1.543,"115'0'2""","268'10'11""",99.073,99.023,000,4.706
STN05_MR9042_2,MR9042,10565.698,4850.881,209.337,11:45,,,,,1.543,"295'0'11""","91'49'53""",99.073,99.023,000,4.708
STN05_MR9042_3,MR9042,10565.698,4850.881,209.334,11:45,,,,,1.543,"295'0'9""","91'49'60""",99.073,99.022,000,4.712
STN05_MR9042_4,MR9042,10565.697,4850.879,209.339,11:45,,,,,1.543,"115'0'4""","268'10'11""",99.073,99.023,000,4.707
STN05_MR9043_1,MR9043,10585.302,4844.262,210.004,11:46,,,,,1.543,"116'40'21""","268'10'34""",78.531,78.491,000,4.042
STN05_MR9043_2,MR9043,10585.303,4844.263,210.000,11:46,,,,,1.543,"296'40'25""","91'49'36""",78.531,78.491,000,4.046
STN05_MR9044_1,MR9044,10602.575,4839.216,210.434,11:47,,,,,1.543,"119'43'39""","268'3'11""",60.913,60.878,000,3.612
STN05_MR9044_2,MR9044,10602.575,4839.217,210.432,11:47,,,,,1.543,"299'43'43""","91'56'55""",60.913,60.878,000,3.614
STN05_MR9045_1,MR9045,10622.275,4832.990,211.181,11:48,,,,,1.543,"305'50'52""","91'51'2""",40.938,40.917,000,2.865
STN05_MR9045_2,MR9045,10622.274,4832.991,211.181,11:48,,,,,1.543,"125'50'53""","268'9'0""",40.938,40.917,000,2.864
STN05_MR9046_1,MR9046,10642.235,4826.683,211.746,11:49,,,,,1.543,"143'12'12""","268'2'6""",22.060,22.048,000,2.299
STN05_MR9046_2,MR9046,10642.235,4826.683,211.746,11:49,,,,,1.543,"323'12'18""","91'57'54""",22.061,22.048,000,2.299
STN05_MR9047_1,MR9047,10659.272,4821.405,212.362,11:50,,,,,1.543,"17'11'56""","90'37'28""",12.957,12.957,000,1.684
STN05_MR9047_2,MR9047,10659.272,4821.405,212.361,11:50,,,,,1.543,"197'11'59""","269'22'29""",12.957,12.957,000,1.684
STN05_MR9048_1,MR9048,10679.205,4815.154,213.014,11:51,,,,,1.543,"255'32'43""","271'11'38""",24.547,24.541,000,1.031
STN05_MR9048_2,MR9048,10679.206,4815.153,213.014,11:51,,,,,1.543,"75'32'47""","88'48'23""",24.547,24.542,000,1.032
STN05_MR9049_1,MR9049,10699.121,4808.861,213.682,11:52,,,,,1.543,"90'13'9""","88'27'12""",43.696,43.680,000,0.363
STN05_MR9049_2,MR9049,10699.120,4808.861,213.683,11:52,,,,,1.543,"270'13'9""","271'32'52""",43.696,43.680,000,0.362
STN05_MR9050_1,MR9050,10719.048,4802.623,214.339,11:53,,,,,1.543,"275'45'0""","271'38'43""",63.955,63.929,000,0.294
STN05_MR9050_2,MR9050,10719.047,4802.621,214.338,11:53,,,,,1.543,"95'45'5""","88'21'20""",63.955,63.928,000,0.292
STN05_MR9051_1,MR9051,10736.012,4797.101,215.109,11:54,,,,,1.543,"98'25'12""","88'10'3""",81.490,81.449,000,1.063
STN05_MR9051_2,MR9051,10736.011,4797.102,215.111,11:54,,,,,1.543,"278'25'11""","271'50'2""",81.490,81.449,000,1.066
STN05_MR9052_1,MR9052,10755.947,4790.791,215.987,11:55,,,,,1.543,"280'17'4""","271'57'11""",102.207,102.147,000,1.942
STN05_MR9052_2,MR9052,10755.946,4790.787,215.983,11:55,,,,,1.543,"100'17'12""","88'2'55""",102.206,102.147,000,1.938
STN05_MR9052_3,MR9052,10755.946,4790.786,215.982,11:55,,,,,1.543,"100'17'14""","88'2'59""",102.206,102.147,000,1.936
STN05_MR9052_4,MR9052,10755.946,4790.788,215.986,11:55,,,,,1.543,"280'17'11""","271'57'9""",102.206,102.147,000,1.940
STN05_STN04_1,STN04,10467.053,4872.578,208.271,11:44,,,,,,"288'38'27""","91'39'52""",198.901,198.818,000,5.775
STN05_STN04_2,STN04,10467.052,4872.573,208.279,11:44,,,,,,"108'38'21""","268'20'15""",198.901,198.818,000,5.767
STN05_STN06_1,STN06,10852.669,4756.411,221.864,11:46,,,,,,"104'56'14""","87'48'26""",204.276,204.126,000,7.819
STN05_STN06_2,STN06,10852.670,4756.417,221.865,11:46,,,,,,"284'56'9""","272'11'34""",204.276,204.126,000,7.819
,STN06,,,,,10852.670,4756.417,221.865,,,,,,,,
STN06_MR9052_1,MR9052,10755.947,4790.794,215.976,12:01,,,,,1.543,"289'33'58""","92'25'28""",102.743,102.651,000,5.889
STN06_MR9052_2,MR9052,10755.945,4790.790,215.976,12:01,,,,,1.543,"109'33'48""","267'34'31""",102.743,102.651,000,5.889
STN06_MR9052_3,MR9052,10755.945,4790.791,215.981,12:01,,,,,1.543,"109'33'52""","267'34'40""",102.743,102.651,000,5.884
STN06_MR9052_4,MR9052,10755.946,4790.793,215.978,12:01,,,,,1.543,"289'33'56""","92'25'23""",102.743,102.651,000,5.887
STN06_MR9053_1,MR9053,10775.809,4784.411,216.819,12:02,,,,,1.543,"290'0'45""","92'27'7""",81.875,81.800,000,5.046
STN06_MR9053_2,MR9053,10775.809,4784.410,216.823,12:02,,,,,1.543,"110'0'43""","267'33'2""",81.875,81.800,000,5.042
STN06_MR9054_1,MR9054,10795.486,4778.117,217.433,12:03,,,,,1.543,"290'46'50""","92'42'13""",61.231,61.163,000,4.431
STN06_MR9054_2,MR9054,10795.484,4778.113,217.435,12:03,,,,,1.543,"110'46'37""","267'17'52""",61.231,61.163,000,4.429
STN06_MR9055_1,MR9055,10812.511,4772.706,218.102,12:04,,,,,1.543,"112'4'42""","267'4'6""",43.394,43.337,000,3.762
STN06_MR9055_2,MR9055,10812.511,4772.707,218.101,12:04,,,,,1.543,"292'4'47""","92'55'59""",43.394,43.337,000,3.763
STN06_MR9056_1,MR9056,10832.285,4766.259,219.191,12:05,,,,,1.543,"295'46'20""","92'51'34""",22.665,22.637,000,2.674
STN06_MR9056_2,MR9056,10832.285,4766.259,219.191,12:05,,,,,1.543,"115'46'19""","267'8'27""",22.665,22.637,000,2.674
STN06_MR9057_1,MR9057,10851.858,4759.962,220.101,12:06,,,,,1.543,"167'5'29""","266'31'20""",3.644,3.637,000,1.764
STN06_MR9057_2,MR9057,10851.858,4759.962,220.101,12:06,,,,,1.543,"347'5'25""","93'28'14""",3.644,3.637,000,1.764
STN06_MR9058_1,MR9058,10871.447,4753.774,220.995,12:07,,,,,1.543,"98'0'36""","87'57'57""",18.974,18.962,000,0.870
STN06_MR9058_2,MR9058,10871.447,4753.775,220.995,12:07,,,,,1.543,"278'0'31""","272'2'2""",18.974,18.962,000,0.870
STN06_MR9059_1,MR9059,10910.410,4761.023,222.810,12:10,,,,,1.543,"265'26'18""","272'27'34""",57.977,57.923,000,0.945
STN06_MR9059_2,MR9059,10910.410,4761.022,222.809,12:11,,,,,1.543,"85'26'23""","87'32'28""",57.977,57.923,000,0.945
STN06_MR9060_1,MR9060,10921.317,4753.145,223.422,12:11,,,,,1.543,"92'43'44""","87'25'3""",68.795,68.725,000,1.557
STN06_MR9060_2,MR9060,10921.317,4753.146,223.423,12:12,,,,,1.543,"272'43'40""","272'35'0""",68.794,68.724,000,1.558
STN06_MR9060_3,MR9060,10921.317,4753.144,223.423,12:12,,,,,1.543,"272'43'45""","272'35'0""",68.794,68.724,000,1.558
STN06_MR9060_4,MR9060,10921.316,4753.143,223.422,12:12,,,,,1.543,"92'43'50""","87'25'2""",68.794,68.724,000,1.557
STN06_STN05_1,STN05,10655.439,4809.029,214.023,12:00,,,,,,"284'56'9""","92'12'3""",204.278,204.127,023,7.842
STN06_STN05_2,STN05,10655.439,4809.026,214.031,12:00,,,,,,"104'56'6""","267'48'4""",204.277,204.127,023,7.834
STN06_STN07_1,STN07,10980.155,4735.539,227.698,12:02,,,,,,"279'18'2""","272'35'4""",129.315,129.183,000,5.833
STN06_STN07_2,STN07,10980.155,4735.537,227.692,12:03,,,,,,"99'18'4""","87'25'4""",129.315,129.183,000,5.827
,STN07,,,,,10980.155,4735.537,227.692,,,,,,,,
STN07_MR9060_1,MR9060,10921.315,4753.138,223.413,12:18,,,,,1.543,"286'39'15""","92'33'4""",61.477,61.416,000,4.279
STN07_MR9060_2,MR9060,10921.316,4753.139,223.415,12:18,,,,,1.543,"106'39'17""","267'27'6""",61.476,61.416,000,4.276
STN07_MR9060_3,MR9060,10921.316,4753.140,223.416,12:18,,,,,1.543,"106'39'20""","267'27'6""",61.477,61.416,000,4.276
STN07_MR9060_4,MR9060,10921.316,4753.140,223.414,12:18,,,,,1.543,"286'39'20""","92'32'59""",61.476,61.415,000,4.278
STN07_MR9061_1,MR9061,10938.480,4740.892,223.840,12:18,,,,,1.543,"277'19'20""","93'8'40""",42.081,42.018,000,3.851
STN07_MR9061_2,MR9061,10938.479,4740.891,223.840,12:18,,,,,1.543,"97'19'12""","266'51'20""",42.081,42.018,000,3.851
STN07_MR9062_1,MR9062,10952.998,4730.471,224.153,12:19,,,,,1.543,"79'26'2""","265'52'6""",27.698,27.626,000,3.538
STN07_MR9062_2,MR9062,10952.997,4730.472,224.153,12:19,,,,,1.543,"259'26'4""","94'7'56""",27.698,27.626,000,3.539
STN07_MR9063_1,MR9063,10970.095,4718.197,224.357,12:20,,,,,1.543,"210'7'18""","95'6'23""",20.127,20.047,000,3.334
STN07_MR9063_2,MR9063,10970.095,4718.197,224.357,12:20,,,,,1.543,"30'7'17""","264'53'38""",20.127,20.047,000,3.334
STN07_MR9064_1,MR9064,10984.317,4707.580,224.903,12:21,,,,,1.543,"351'31'52""","267'28'36""",28.292,28.265,000,2.789
STN07_MR9064_2,MR9064,10984.317,4707.580,224.902,12:21,,,,,1.543,"171'31'56""","92'31'29""",28.292,28.265,000,2.789
STN07_MR9065_1,MR9065,11000.606,4695.123,226.350,12:21,,,,,1.543,"153'9'29""","89'44'45""",45.294,45.294,000,1.342
STN07_MR9065_2,MR9065,11000.607,4695.124,226.350,12:21,,,,,1.543,"333'9'23""","270'15'16""",45.294,45.294,000,1.342
STN07_MR9066_1,MR9066,11016.971,4682.649,227.587,12:22,,,,,1.543,"325'9'27""","271'16'41""",64.456,64.440,000,0.105
STN07_MR9066_2,MR9066,11016.968,4682.647,227.584,12:22,,,,,1.543,"145'9'37""","88'43'26""",64.456,64.440,000,0.107
STN07_MR9067_1,MR9067,11034.191,4669.680,229.104,12:23,,,,,1.543,"140'37'51""","88'0'46""",85.240,85.189,000,1.413
STN07_MR9067_2,MR9067,11034.193,4669.681,229.107,12:23,,,,,1.543,"320'37'45""","271'59'18""",85.240,85.189,000,1.415
STN07_MR9067_3,MR9067,11034.194,4669.682,229.108,12:23,,,,,1.543,"320'37'43""","271'59'22""",85.240,85.189,000,1.417
STN07_MR9067_4,MR9067,11034.191,4669.679,229.105,12:23,,,,,1.543,"140'37'54""","88'0'45""",85.240,85.189,000,1.413
STN07_STN06_1,STN06,10852.671,4756.412,221.849,12:17,,,,,,"279'17'58""","92'35'25""",129.314,129.182,000,5.843
STN07_STN06_2,STN06,10852.670,4756.409,221.857,12:17,,,,,,"99'17'54""","267'24'47""",129.314,129.182,000,5.835
STN07_STN08_1,STN08,11100.841,4669.237,237.750,12:17,,,,,,"298'46'56""","274'10'38""",138.065,137.698,000,10.058
STN07_STN08_2,STN08,11100.839,4669.231,237.743,12:17,,,,,,"118'47'5""","85'49'31""",138.065,137.699,000,10.052
,STN08,,,,,11100.839,4669.231,237.743,,,,,,,,
STN08_MR9067_1,MR9067,11034.190,4669.682,229.100,12:28,,,,,1.543,"270'23'13""","96'4'53""",67.027,66.650,000,8.643
STN08_MR9067_2,MR9067,11034.191,4669.680,229.101,12:28,,,,,1.543,"90'23'7""","263'55'11""",67.027,66.650,000,8.642
STN08_MR9067_3,MR9067,11034.190,4669.679,229.102,12:28,,,,,1.543,"90'23'5""","263'55'13""",67.027,66.650,000,8.641
STN08_MR9067_4,MR9067,11034.190,4669.680,229.100,12:29,,,,,1.543,"270'23'9""","96'4'52""",67.027,66.650,000,8.643
STN08_MR9068_1,MR9068,11050.055,4657.466,230.767,12:29,,,,,1.543,"256'57'22""","95'57'3""",52.411,52.129,000,6.976
STN08_MR9068_2,MR9068,11050.055,4657.466,230.769,12:29,,,,,1.543,"76'57'19""","264'3'4""",52.411,52.129,000,6.975
STN08_MR9069_1,MR9069,11065.367,4644.996,232.513,12:30,,,,,1.543,"55'39'27""","265'5'40""",43.118,42.961,000,5.230
STN08_MR9069_2,MR9069,11065.367,4644.996,232.511,12:30,,,,,1.543,"235'39'29""","94'54'29""",43.118,42.960,000,5.232
STN08_MR9070_1,MR9070,11081.956,4631.989,234.473,12:30,,,,,1.543,"206'53'8""","92'22'10""",41.792,41.756,000,3.271
STN08_MR9070_2,MR9070,11081.957,4631.989,234.475,12:31,,,,,1.543,"26'53'7""","267'37'59""",41.791,41.756,000,3.269
STN08_MR9071_1,MR9071,11097.472,4619.948,236.076,12:31,,,,,1.543,"3'54'26""","269'51'20""",49.399,49.399,000,1.667
STN08_MR9071_2,MR9071,11097.471,4619.948,236.074,12:31,,,,,1.543,"183'54'31""","90'8'46""",49.399,49.399,000,1.669
STN08_MR9072_1,MR9072,11113.138,4608.127,237.913,12:32,,,,,1.543,"168'37'9""","88'25'36""",62.354,62.330,000,0.169
STN08_MR9072_2,MR9072,11113.140,4608.127,237.914,12:32,,,,,1.543,"348'37'4""","271'34'27""",62.354,62.330,000,0.170
STN08_MR9073_1,MR9073,11131.751,4593.592,240.130,12:33,,,,,1.543,"337'46'16""","272'45'9""",81.807,81.713,000,2.386
STN08_MR9073_2,MR9073,11131.748,4593.591,240.126,12:33,,,,,1.543,"157'46'25""","87'14'59""",81.807,81.712,000,2.383
STN08_MR9074_1,MR9074,11147.573,4582.687,242.127,12:34,,,,,,"151'37'51""","87'26'53""",98.454,98.357,034,4.384
STN08_MR9074_2,MR9074,11147.575,4582.688,242.131,12:34,,,,,,"331'37'44""","272'33'13""",98.454,98.357,034,4.388
STN08_MR9074_3,MR9074,11147.576,4582.689,242.132,12:34,,,,,,"331'37'44""","272'33'15""",98.454,98.356,034,4.388
STN08_MR9074_4,MR9074,11147.574,4582.687,242.126,12:34,,,,,,"151'37'48""","87'26'56""",98.454,98.357,034,4.382
STN08_STN07_1,STN07,10980.156,4735.538,227.680,12:27,,,,,,"298'47'9""","94'10'48""",138.065,137.698,000,10.063
STN08_STN07_2,STN07,10980.156,4735.539,227.687,12:27,,,,,,"118'47'10""","265'49'20""",138.066,137.699,000,10.057
STN08_STN09_1,STN09,11259.045,4523.210,260.416,12:28,,,,,,"312'42'22""","276'0'38""",216.485,215.294,023,22.673
STN08_STN09_2,STN09,11259.042,4523.206,260.411,12:28,,,,,,"132'42'28""","83'59'26""",216.485,215.295,023,22.667
,STN09,,,,,11259.042,4523.206,260.411,,,,,,,,
STN09_MR9074_1,MR9074,11147.568,4582.686,242.123,12:47,,,,,,"298'5'0""","98'14'10""",127.666,126.350,034,18.287
STN09_MR9074_2,MR9074,11147.568,4582.686,242.125,12:47,,,,,,"118'5'1""","261'45'52""",127.666,126.350,034,18.285
STN09_MR9074_3,MR9074,11147.569,4582.687,242.123,12:47,,,,,,"118'5'2""","261'45'50""",127.666,126.350,034,18.287
STN09_MR9074_4,MR9074,11147.570,4582.690,242.123,12:47,,,,,,"298'5'6""","98'14'11""",127.666,126.350,034,18.288
STN09_MR9075_1,MR9075,11165.190,4571.643,243.229,12:48,,,,,,"297'17'52""","99'14'27""",107.002,105.614,008,17.182
STN09_MR9075_2,MR9075,11165.190,4571.643,243.232,12:48,,,,,,"117'17'54""","260'45'38""",107.003,105.615,008,17.179
STN09_MR9076_1,MR9076,11182.059,4563.770,244.580,12:48,,,,,,"117'47'9""","259'41'20""",88.445,87.016,008,15.830
STN09_MR9076_2,MR9076,11182.060,4563.771,244.578,12:48,,,,,,"297'47'11""","100'18'45""",88.445,87.016,008,15.833
STN09_MR9077_1,MR9077,11201.489,4554.635,246.055,12:48,,,,,,"298'38'18""","102'20'53""",67.128,65.575,008,14.355
STN09_MR9077_2,MR9077,11201.488,4554.633,246.059,12:48,,,,,,"118'38'12""","257'39'16""",67.128,65.576,008,14.352
STN09_MR9078_1,MR9078,11218.471,4546.983,247.726,12:49,,,,,,"120'22'21""","254'54'13""",48.706,47.025,008,12.685
STN09_MR9078_2,MR9078,11218.472,4546.984,247.725,12:49,,,,,,"300'22'27""","105'5'48""",48.706,47.025,008,12.685
STN09_MR9079_1,MR9079,11237.973,4539.192,249.924,12:49,,,,,,"307'11'24""","111'37'45""",28.451,26.447,008,10.487
STN09_MR9079_2,MR9079,11237.973,4539.192,249.923,12:49,,,,,,"127'11'22""","248'22'11""",28.451,26.447,008,10.487
STN09_MR9080_1,MR9080,11256.143,4535.084,251.814,12:49,,,,,,"166'16'59""","234'53'22""",14.946,12.226,008,8.596
STN09_MR9080_2,MR9080,11256.143,4535.084,251.814,12:49,,,,,,"346'16'52""","125'6'34""",14.946,12.227,008,8.596
STN09_MR9082A_1,MR9082A,11316.784,4512.853,267.260,12:52,,,,,,"100'9'53""","83'20'23""",59.061,58.662,034,6.850
STN09_MR9082A_2,MR9082A,11316.785,4512.856,267.262,12:52,,,,,,"280'9'43""","276'39'40""",59.061,58.663,034,6.851
STN09_MR9082A_3,MR9082A,11316.785,4512.855,267.262,12:52,,,,,,"280'9'47""","276'39'41""",59.062,58.663,034,6.852
STN09_MR9082A_4,MR9082A,11316.784,4512.854,267.260,12:52,,,,,,"100'9'52""","83'20'25""",59.062,58.663,034,6.850
STN09_STN08_1,STN08,11100.837,4669.229,237.731,12:46,,,,,,"312'42'24""","96'0'52""",216.485,215.294,000,22.680
STN09_STN08_2,STN08,11100.833,4669.227,237.743,12:46,,,,,,"132'42'20""","263'59'20""",216.485,215.295,000,22.667
STN09_STN10_1,STN10,11326.170,4485.649,272.703,12:46,,,,,,"299'13'36""","279'4'45""",77.896,76.920,000,12.293
STN09_STN10_2,STN10,11326.171,4485.648,272.700,12:46,,,,,,"119'13'37""","80'55'23""",77.897,76.921,000,12.289
,STN10,,,,,11326.170,4485.649,272.703,,,,,,,,
STN10_MR9081_1,MR9081,11294.431,4474.507,269.599,13:16,,,,,1.543,"250'39'24""","92'39'29""",33.674,33.638,000,3.105
STN10_MR9081_2,MR9081,11294.431,4474.506,269.600,13:16,,,,,1.543,"70'39'21""","267'20'38""",33.674,33.638,000,3.103
STN10_MR9082_1,MR9082,11314.486,4482.770,270.710,13:17,,,,,1.543,"76'9'34""","267'51'34""",12.042,12.033,000,1.993
STN10_MR9082_2,MR9082,11314.486,4482.770,270.710,13:17,,,,,1.543,"256'9'34""","92'8'27""",12.041,12.033,000,1.993
STN10_MR9082A_1,MR9082A,11316.778,4512.852,267.257,13:15,,,,,,"340'57'11""","100'43'1""",29.289,28.778,034,5.447
STN10_MR9082A_2,MR9082A,11316.778,4512.852,267.257,13:15,,,,,,"160'57'9""","259'17'4""",29.289,28.779,034,5.446
STN10_MR9082A_3,MR9082A,11316.778,4512.851,267.257,13:15,,,,,,"160'57'10""","259'17'4""",29.289,28.778,034,5.446
STN10_MR9082A_4,MR9082A,11316.779,4512.852,267.257,13:15,,,,,,"340'57'15""","100'43'1""",29.289,28.778,034,5.447
STN10_MR9083_1,MR9083,11331.939,4487.126,270.500,13:18,,,,,1.543,"75'37'53""","96'19'19""",5.992,5.955,000,2.203
STN10_MR9083_2,MR9083,11331.939,4487.126,270.500,13:19,,,,,1.543,"255'37'56""","263'40'33""",5.992,5.956,000,2.203
STN10_MR9083_3,MR9083,11331.939,4487.127,270.500,13:19,,,,,1.543,"255'37'52""","263'40'34""",5.992,5.955,000,2.203
STN10_MR9083_4,MR9083,11331.939,4487.127,270.500,13:19,,,,,1.543,"75'37'52""","96'19'22""",5.992,5.956,000,2.203
STN10_STN09_1,STN09,11259.041,4523.207,260.407,13:13,,,,,,"299'13'34""","99'4'56""",77.898,76.922,023,12.296
STN10_STN09_2,STN09,11259.039,4523.204,260.410,13:13,,,,,,"119'13'25""","260'55'11""",77.898,76.922,023,12.293
STN10_STN11_1,STN11,11356.211,4488.264,269.116,13:14,,,,,,"265'1'29""","263'12'54""",30.367,30.154,023,3.587
STN10_STN11_2,STN11,11356.211,4488.264,269.114,13:14,,,,,,"85'1'30""","96'47'13""",30.367,30.154,023,3.589
,STN11,,,,,11356.211,4488.264,269.116,,,,,,,,
STN11_MR9082_1,MR9082,11314.487,4482.770,270.708,13:27,,,,,1.543,"82'29'55""","274'15'36""",42.200,42.084,000,1.592
STN11_MR9082_2,MR9082,11314.486,4482.776,270.709,13:27,,,,,1.543,"262'30'25""","85'44'19""",42.201,42.084,000,1.593
STN11_MR9082A_1,MR9082A,11316.784,4512.855,267.257,13:24,,,,,,"301'57'8""","92'17'25""",46.504,46.467,034,1.858
STN11_MR9082A_2,MR9082A,11316.783,4512.853,267.259,13:25,,,,,,"121'56'59""","267'42'40""",46.504,46.467,034,1.857
STN11_MR9083_1,MR9083,11331.939,4487.125,270.499,13:25,,,,,1.543,"87'18'51""","276'52'0""",24.474,24.298,000,1.383
STN11_MR9083_2,MR9083,11331.939,4487.125,270.499,13:25,,,,,1.543,"267'18'54""","83'8'3""",24.474,24.298,000,1.383
STN11_MR9083_3,MR9083,11331.939,4487.126,270.499,13:25,,,,,1.543,"267'18'56""","83'8'2""",24.474,24.298,000,1.383
STN11_MR9083_4,MR9083,11331.939,4487.125,270.499,13:26,,,,,1.543,"87'18'52""","276'52'2""",24.474,24.298,000,1.383
STN11_MR9083A_1,MR9083A,11335.536,4516.129,269.457,13:28,,,,,,"323'25'34""","89'26'11""",34.699,34.698,008,0.341
STN11_MR9083A_2,MR9083A,11335.536,4516.129,269.458,13:29,,,,,,"143'25'31""","270'33'56""",34.699,34.697,008,0.343
STN11_MR9084_1,MR9084,11354.196,4488.570,267.619,13:31,,,,,1.543,"278'39'11""","88'52'35""",2.038,2.038,000,1.497
STN11_MR9084_2,MR9084,11354.196,4488.570,267.619,13:31,,,,,1.543,"98'39'7""","271'7'11""",2.038,2.038,000,1.497
STN11_MR9084A_1,MR9084A,11351.044,4517.530,269.580,13:29,,,,,,"169'59'20""","270'53'38""",29.722,29.718,008,0.464
STN11_MR9084A_2,MR9084A,11351.045,4517.530,269.579,13:29,,,,,,"349'59'23""","89'6'27""",29.722,29.719,008,0.463
STN11_MR9085_1,MR9085,11378.506,4484.579,262.550,13:34,,,,,1.543,"279'22'59""","257'28'4""",23.150,22.598,000,6.566
STN11_MR9085_2,MR9085,11378.506,4484.579,262.549,13:34,,,,,1.543,"99'22'57""","102'31'59""",23.150,22.598,000,6.567
STN11_MR9085_3,MR9085,11378.506,4484.579,262.550,13:34,,,,,1.543,"279'22'59""","257'28'4""",23.150,22.598,000,6.566
STN11_MR9085_4,MR9085,11378.506,4484.579,262.549,13:34,,,,,1.543,"99'22'57""","102'31'59""",23.150,22.598,000,6.567
STN11_MR9086_1,MR9086,11398.329,4480.976,257.825,13:35,,,,,1.543,"99'48'60""","102'50'50""",43.842,42.744,000,11.291
STN11_MR9086_2,MR9086,11398.330,4480.977,257.826,13:35,,,,,1.543,"279'48'54""","257'9'15""",43.842,42.745,000,11.290
STN11_MR9086A_1,MR9086A,11393.440,4507.789,261.589,13:30,,,,,,"62'19'28""","100'9'4""",42.707,42.038,008,7.527
STN11_MR9086A_2,MR9086A,11393.439,4507.790,261.590,13:30,,,,,,"242'19'25""","259'51'0""",42.707,42.039,008,7.526
STN11_MR9087_1,MR9087,11416.741,4477.683,255.066,13:36,,,,,1.543,"279'54'52""","258'29'41""",62.708,61.448,000,14.050
STN11_MR9087_2,MR9087,11416.740,4477.682,255.063,13:36,,,,,1.543,"99'54'57""","101'30'29""",62.708,61.447,000,14.053
STN11_MR9087A_1,MR9087A,11413.504,4500.690,258.032,13:30,,,,,,"257'45'45""","259'17'36""",59.664,58.626,008,11.084
STN11_MR9087A_2,MR9087A,11413.504,4500.689,258.030,13:31,,,,,,"77'45'48""","100'42'29""",59.664,58.625,008,11.086
STN11_STN10_1,STN10,11326.170,4485.649,272.702,13:23,,,,,,"265'1'31""","83'13'2""",30.367,30.154,000,3.586
STN11_STN10_2,STN10,11326.171,4485.648,272.703,13:23,,,,,,"85'1'27""","276'47'0""",30.366,30.154,000,3.587
STN11_STN11A_1,STN11A,11360.866,4486.717,268.660,13:37,,,,,,"288'22'45""","264'41'27""",4.928,4.906,000,0.456
STN11_STN11A_2,STN11A,11360.867,4486.717,268.660,13:37,,,,,,"108'22'39""","95'18'20""",4.928,4.907,000,0.456
STN11_STN12_1,STN12,11450.505,4464.923,251.954,13:23,,,,,,"283'54'11""","259'58'50""",98.645,97.140,000,17.162
STN11_STN12_2,STN12,11450.504,4464.919,251.952,13:23,,,,,,"103'54'20""","100'1'12""",98.645,97.140,000,17.163
,STN11A,,,,,11360.874,4486.714,268.659,,,,,,,,
STN11A_MR9084A_1,MR9084A,11351.057,4517.528,269.579,13:41,,,,,,"162'19'39""","271'37'45""",32.353,32.340,008,0.920
STN11A_MR9084A_2,MR9084A,11351.057,4517.528,269.578,13:41,,,,,,"342'19'41""","88'22'18""",32.353,32.340,008,0.919
STN11A_MR9085_1,MR9085,11378.515,4484.575,262.550,13:41,,,,,1.543,"96'54'48""","104'24'42""",18.347,17.770,000,6.109
STN11A_MR9085_2,MR9085,11378.515,4484.575,262.550,13:42,,,,,1.543,"276'54'49""","255'35'18""",18.347,17.770,000,6.109
STN11A_MR9085A_1,MR9085A,11374.335,4514.720,266.586,13:40,,,,,,"205'40'13""","266'11'2""",31.141,31.072,008,2.073
STN11A_MR9085A_2,MR9085A,11374.335,4514.719,266.587,13:40,,,,,,"25'40'15""","93'48'57""",31.141,31.072,008,2.072
STN11A_MR9086A_1,MR9086A,11393.451,4507.783,261.588,13:41,,,,,,"57'6'23""","100'19'45""",39.435,38.796,008,7.071
STN11A_MR9086A_2,MR9086A,11393.451,4507.784,261.590,13:41,,,,,,"237'6'22""","259'40'20""",39.435,38.796,008,7.070
STN11A_STN11_1,STN11,11356.219,4488.261,269.116,13:40,,,,,,"288'22'43""","84'40'23""",4.927,4.906,023,0.457
STN11A_STN11_2,STN11,11356.219,4488.262,269.116,13:40,,,,,,"108'23'11""","275'19'20""",4.927,4.906,023,0.457
,STN12,,,,,11450.504,4464.919,251.952,,,,,,,,
STN12_MR9085_1,MR9085,11378.504,4484.576,262.547,13:49,,,,,1.543,"285'16'13""","80'45'48""",75.616,74.636,000,10.594
STN12_MR9085_2,MR9085,11378.503,4484.573,262.549,13:49,,,,,1.543,"105'16'4""","279'14'15""",75.616,74.636,000,10.596
STN12_MR9085_3,MR9085,11378.503,4484.574,262.549,13:49,,,,,1.543,"105'16'7""","279'14'15""",75.616,74.635,000,10.596
STN12_MR9085_4,MR9085,11378.503,4484.576,262.546,13:49,,,,,1.543,"285'16'15""","80'45'50""",75.616,74.636,000,10.594
STN12_MR9086_1,MR9086,11398.327,4480.973,257.822,13:50,,,,,1.543,"287'6'9""","82'16'3""",55.092,54.591,000,5.870
STN12_MR9086_2,MR9086,11398.327,4480.972,257.824,13:50,,,,,1.543,"107'6'4""","277'44'2""",55.092,54.591,000,5.871
STN12_MR9087_1,MR9087,11416.738,4477.679,255.063,13:50,,,,,1.543,"110'42'4""","277'20'43""",36.395,36.097,000,3.110
STN12_MR9087_2,MR9087,11416.738,4477.679,255.062,13:50,,,,,1.543,"290'42'9""","82'39'18""",36.395,36.097,000,3.110
STN12_MR9088_1,MR9088,11436.298,4471.365,252.211,13:51,,,,,1.543,"294'24'20""","83'24'45""",15.704,15.600,000,0.258
STN12_MR9088_2,MR9088,11436.298,4471.364,252.211,13:51,,,,,1.543,"114'24'14""","276'35'13""",15.704,15.600,000,0.258
STN12_MR9089_1,MR9089,11456.393,4464.107,249.360,13:52,,,,,1.543,"277'51'4""","259'59'6""",6.037,5.945,000,2.593
STN12_MR9089_2,MR9089,11456.394,4464.107,249.360,13:52,,,,,1.543,"97'51'0""","100'0'43""",6.037,5.945,000,2.593
STN12_MR9090_1,MR9090,11473.791,4457.990,247.210,13:53,,,,,1.543,"106'34'12""","97'30'4""",24.505,24.296,000,4.742
STN12_MR9090_2,MR9090,11473.791,4457.990,247.210,13:53,,,,,1.543,"286'34'11""","262'29'52""",24.505,24.296,000,4.742
STN12_MR9091_1,MR9091,11494.044,4450.718,245.298,13:54,,,,,1.543,"288'3'50""","263'37'54""",46.082,45.797,000,6.654
STN12_MR9091_2,MR9091,11494.044,4450.718,245.297,13:54,,,,,1.543,"108'3'50""","96'22'11""",46.082,45.797,000,6.655
STN12_MR9092_1,MR9092,11512.410,4444.271,243.506,13:54,,,,,1.543,"108'26'42""","96'2'20""",65.623,65.259,000,8.446
STN12_MR9092_2,MR9092,11512.411,4444.271,243.508,13:54,,,,,1.543,"288'26'40""","263'57'47""",65.623,65.259,000,8.444
STN12_MR9093_1,MR9093,11530.274,4437.984,241.967,13:55,,,,,1.543,"288'39'27""","264'16'24""",84.617,84.195,000,9.986
STN12_MR9093_2,MR9093,11530.274,4437.984,241.966,13:55,,,,,1.543,"108'39'27""","95'43'37""",84.617,84.195,000,9.986
STN12_MR9093_3,MR9093,11530.273,4437.982,241.965,13:55,,,,,1.543,"108'39'31""","95'43'40""",84.617,84.194,000,9.988
STN12_MR9093_4,MR9093,11530.274,4437.984,241.967,13:56,,,,,1.543,"288'39'25""","264'16'25""",84.617,84.195,000,9.985
STN12_STN11_1,STN11,11356.209,4488.264,269.114,13:46,,,,,,"283'54'20""","79'58'55""",98.646,97.142,023,17.161
STN12_STN11_2,STN11,11356.209,4488.261,269.116,13:46,,,,,,"103'54'13""","280'1'11""",98.646,97.141,023,17.164
STN12_STN13_1,STN13,11636.130,4389.882,236.933,13:46,,,,,,"292'0'36""","265'42'33""",200.781,200.219,023,15.019
STN12_STN13_2,STN13,11636.129,4389.880,236.926,13:46,,,,,,"112'0'38""","94'17'35""",200.781,200.218,023,15.027
,STN13,,,,,11636.129,4389.880,236.926,,,,,,,,
STN13_MR9093_1,MR9093,11530.274,4437.982,241.959,14:03,,,,,1.543,"114'26'13""","273'14'13""",116.457,116.272,000,5.034
STN13_MR9093_2,MR9093,11530.274,4437.983,241.956,14:03,,,,,1.543,"294'26'16""","86'45'53""",116.458,116.272,000,5.030
STN13_MR9093_3,MR9093,11530.274,4437.983,241.953,14:03,,,,,1.543,"294'26'16""","86'45'57""",116.457,116.272,000,5.027
STN13_MR9093_4,MR9093,11530.273,4437.981,241.959,14:03,,,,,1.543,"114'26'12""","273'14'13""",116.457,116.271,000,5.034
STN13_MR9094_1,MR9094,11547.945,4431.674,240.776,14:03,,,,,1.543,"115'21'29""","273'9'47""",97.736,97.587,000,3.850
STN13_MR9094_2,MR9094,11547.946,4431.676,240.777,14:04,,,,,1.543,"295'21'33""","86'50'12""",97.736,97.587,000,3.851
STN13_MR9095_1,MR9095,11565.711,4425.398,239.507,14:05,,,,,1.543,"296'45'56""","87'0'25""",78.976,78.868,000,2.581
STN13_MR9095_2,MR9095,11565.711,4425.398,239.510,14:05,,,,,1.543,"116'45'56""","272'59'45""",78.976,78.868,000,2.585
STN13_MR9096_1,MR9096,11586.055,4417.954,238.075,14:06,,,,,1.543,"299'16'36""","87'18'54""",57.470,57.407,000,1.149
STN13_MR9096_2,MR9096,11586.055,4417.954,238.076,14:06,,,,,1.543,"119'16'37""","272'41'9""",57.470,57.407,000,1.151
STN13_MR9097_1,MR9097,11603.592,4411.593,237.008,14:06,,,,,1.543,"123'42'56""","272'22'45""",39.150,39.116,000,0.083
STN13_MR9097_2,MR9097,11603.592,4411.593,237.006,14:06,,,,,1.543,"303'43'0""","87'37'23""",39.150,39.116,000,0.081
STN13_MR9098_1,MR9098,11623.095,4404.153,235.969,14:07,,,,,1.543,"317'35'49""","88'15'47""",19.338,19.329,000,0.957
STN13_MR9098_2,MR9098,11623.094,4404.154,235.969,14:07,,,,,1.543,"137'35'45""","271'44'13""",19.338,19.330,000,0.957
STN13_MR9099_1,MR9099,11640.251,4397.308,235.177,14:08,,,,,1.543,"209'1'49""","268'36'49""",8.498,8.495,000,1.749
STN13_MR9099_2,MR9099,11640.251,4397.309,235.177,14:08,,,,,1.543,"29'1'46""","91'23'6""",8.498,8.495,000,1.748
STN13_MR9100_1,MR9100,11659.049,4387.835,234.466,14:09,,,,,1.543,"95'5'54""","92'16'54""",23.029,23.011,000,2.460
STN13_MR9100_2,MR9100,11659.049,4387.835,234.466,14:09,,,,,1.543,"275'5'56""","267'43'6""",23.029,23.011,000,2.460
STN13_MR9101_1,MR9101,11673.679,4378.046,233.939,14:09,,,,,1.543,"287'29'34""","267'53'58""",39.397,39.370,000,2.987
STN13_MR9101_2,MR9101,11673.678,4378.046,233.937,14:09,,,,,1.543,"107'29'37""","92'6'11""",39.397,39.370,000,2.989
STN13_MR9102_1,MR9102,11691.808,4366.066,233.355,14:10,,,,,1.543,"113'9'23""","91'55'4""",60.592,60.558,000,3.571
STN13_MR9102_2,MR9102,11691.809,4366.067,233.357,14:10,,,,,1.543,"293'9'18""","268'5'2""",60.593,60.559,000,3.569
STN13_MR9103_1,MR9103,11707.172,4355.825,232.535,14:11,,,,,1.543,"295'36'40""","267'55'47""",78.835,78.784,000,4.390
STN13_MR9103_2,MR9103,11707.171,4355.823,232.532,14:11,,,,,1.543,"115'36'46""","92'4'21""",78.835,78.784,000,4.394
STN13_MR9104_1,MR9104,11725.406,4343.729,231.811,14:11,,,,,1.543,"117'20'11""","92'2'9""",100.564,100.501,000,5.115
STN13_MR9104_2,MR9104,11725.408,4343.733,231.815,14:11,,,,,1.543,"297'20'2""","267'57'59""",100.564,100.501,000,5.111
STN13_MR9105_1,MR9105,11739.056,4335.929,231.302,14:12,,,,,1.543,"297'39'45""","267'59'18""",116.282,116.210,000,5.624
STN13_MR9105_2,MR9105,11739.055,4335.927,231.294,14:13,,,,,1.543,"117'39'47""","92'0'55""",116.281,116.209,000,5.632
STN13_MR9105_3,MR9105,11739.054,4335.925,231.294,14:13,,,,,1.543,"117'39'51""","92'0'55""",116.282,116.210,000,5.632
STN13_MR9105_4,MR9105,11739.055,4335.927,231.302,14:13,,,,,1.543,"297'39'47""","267'59'18""",116.281,116.210,000,5.624
STN13_STN12_1,STN12,11450.505,4464.920,251.937,14:02,,,,,,"292'0'40""","85'42'46""",200.780,200.218,000,15.011
STN13_STN12_2,STN12,11450.502,4464.912,251.942,14:02,,,,,,"112'0'31""","274'17'18""",200.780,200.217,000,15.017
